id1,id2,label,similarity,rid1,rid2
31469161,42506221,FALSE,0.0,L:15483,R:14957
29700753,82672282,FALSE,0.0,L:2077,R:7844
18339479,5397796,FALSE,0.0,L:3284,R:1370
89928975,89928975,TRUE,0.0,L:284,R:19689
36967853,13913419,FALSE,0.0,L:330,R:19072
36967853,10373250,TRUE,0.0,L:330,R:18948
18339479,18339479,TRUE,0.0,L:3284,R:17462
3463117,44884689,TRUE,0.0,L:876,R:17374
33206318,96388018,FALSE,0.0,L:8373,R:4558
36967853,53808701,FALSE,0.0,L:330,R:17862
18339479,84875057,TRUE,0.0,L:3284,R:7313
36967853,85333987,FALSE,0.0,L:330,R:17657
36967853,32154772,TRUE,0.0,L:330,R:19371
33206318,82955251,FALSE,0.0,L:8373,R:11599
91980346,65414283,FALSE,0.0,L:14121,R:7078
92120329,31696332,FALSE,0.0,L:3890,R:19506
4314913,64481345,TRUE,0.0,L:3781,R:3718
18339479,96889697,FALSE,0.0,L:3284,R:10834
29700753,14639066,FALSE,0.0,L:2077,R:7013
3463117,3463117,TRUE,0.0,L:876,R:11393
29204225,85223368,FALSE,0.0,L:18506,R:12512
50809231,24818262,FALSE,0.0,L:14098,R:7133
33554159,5238163,FALSE,0.0,L:5919,R:14700
4314913,962259,TRUE,0.0,L:3781,R:15396
62842391,92728924,FALSE,0.0,L:9135,R:10322
36967853,36967853,TRUE,0.0,L:330,R:18932
72241593,95629055,FALSE,0.0,L:11545,R:9916
72241593,66765162,FALSE,0.0,L:11545,R:8208
18339479,50944416,FALSE,0.0,L:3284,R:9535
3463117,52518330,TRUE,0.0,L:876,R:19716
47203248,49082586,FALSE,0.0,L:11704,R:10300
18339479,93444928,FALSE,0.0,L:3284,R:18268
36967853,65634280,TRUE,0.0,L:330,R:7755
60810690,24439613,FALSE,0.0,L:11525,R:17651
4314913,59006657,TRUE,0.0,L:3781,R:15581
36967853,96899757,FALSE,0.0,L:330,R:4783
4314913,12954856,TRUE,0.0,L:3781,R:16411
4314913,4314913,TRUE,0.0,L:3781,R:18063
18339479,22885020,TRUE,0.0,L:3284,R:17572
3463117,74296125,TRUE,0.0,L:876,R:6680
18339479,68873757,FALSE,0.0,L:3284,R:19605
36967853,30649194,TRUE,0.0,L:330,R:19555
36967853,91662539,TRUE,0.0,L:330,R:18530
30153177,25752225,FALSE,0.0,L:11194,R:12674
18339479,47751906,FALSE,0.0,L:3284,R:17231
76865701,34821146,FALSE,0.0,L:3209,R:17476
91980346,24223712,FALSE,0.0,L:14121,R:14934
30336988,32675912,FALSE,0.0,L:15225,R:16292
31469161,484757,FALSE,0.0,L:15483,R:2534
18339479,25135333,FALSE,0.0,L:3284,R:14887
47203248,21605422,FALSE,0.0,L:11704,R:4483
79847801,11022309,FALSE,0.0,L:19177,R:11368
18339479,94106554,FALSE,0.0,L:3284,R:14469
79847801,96388018,FALSE,0.0,L:19177,R:3165
29204225,1970598,FALSE,0.0,L:18506,R:7052
36967853,47329776,FALSE,0.0,L:330,R:15764
18339479,27988700,FALSE,0.0,L:3284,R:19034
33554159,35759560,FALSE,0.0,L:5919,R:2071
30336988,40581935,FALSE,0.0,L:15225,R:12605
18289538,21232394,FALSE,0.0,L:17616,R:17423
36967853,32328366,FALSE,0.0,L:330,R:19762
60810690,27416124,FALSE,0.0,L:11525,R:8038
52265517,21551344,FALSE,0.0,L:13906,R:10487
30153177,23276195,FALSE,0.0,L:11194,R:12401
60641225,44210984,FALSE,0.0,L:16964,R:7019
18339479,82583255,FALSE,0.0,L:3284,R:19508
18339479,17110643,TRUE,0.0,L:3284,R:18076
95430752,12772810,FALSE,0.0,L:4434,R:4876
3463117,46578488,TRUE,0.0,L:876,R:18181
18339479,48430039,TRUE,0.0,L:3284,R:19527
92120329,31490130,FALSE,0.0,L:3890,R:10543
54377216,61830419,FALSE,0.0,L:2060,R:2612
36967853,64223023,FALSE,0.0,L:330,R:17950
37927610,830512,FALSE,0.0,L:18474,R:19296
36967853,13718289,FALSE,0.0,L:330,R:8988
3463117,80691068,TRUE,0.0,L:876,R:8587
52265517,65606908,FALSE,0.0,L:13906,R:17370
36967853,7873500,TRUE,0.0,L:330,R:17190
54377216,51400506,FALSE,0.0,L:2060,R:15277
95430752,96921902,FALSE,0.0,L:4434,R:11587
28930641,97525993,TRUE,0.0,L:230,R:19021
76795826,51280173,TRUE,0.0,L:44,R:17983
88642256,88359769,TRUE,0.0,L:173,R:19712
23092603,18123170,TRUE,0.0,L:178,R:19760
42480791,10937592,TRUE,0.0,L:210,R:18859
74017051,29064292,TRUE,0.0,L:254,R:9735
93651578,95430752,TRUE,0.0,L:127,R:15047
57619335,30639668,TRUE,0.0,L:30,R:17298
22587878,32675912,TRUE,0.0,L:1,R:15909
29985208,23772337,TRUE,0.0,L:130,R:9138
39417365,72558082,TRUE,0.0,L:53,R:18388
1016115,1016115,TRUE,0.0,L:177,R:18871
1754547,1754547,TRUE,0.0,L:120,R:17593
35610901,57125875,TRUE,0.0,L:41,R:14643
38003960,68173489,TRUE,0.0,L:169,R:7524
43742368,13718289,TRUE,0.0,L:70,R:16820
90603941,62578226,TRUE,0.0,L:215,R:13477
62899929,84268155,TRUE,0.0,L:40,R:17355
98179574,80250120,TRUE,0.0,L:73,R:15387
66765162,61542865,TRUE,0.0,L:43,R:15112
2056076,24223712,TRUE,0.0,L:219,R:18818
12606832,32347478,TRUE,0.0,L:89,R:16518
3775981,3775981,TRUE,0.0,L:104,R:16252
91929224,91929224,TRUE,0.0,L:8,R:16910
18599997,5938532,TRUE,0.0,L:47,R:13046
3419456,55789763,TRUE,0.0,L:226,R:8669
25106018,44698167,TRUE,0.0,L:138,R:17050
81524454,6978466,TRUE,0.0,L:136,R:7821
74254329,60624891,TRUE,0.0,L:108,R:13543
14639066,35571200,TRUE,0.0,L:181,R:18961
65260514,60088869,TRUE,0.0,L:86,R:15655
75249284,93205470,TRUE,0.0,L:59,R:10546
98441367,64016107,FALSE,0.0,L:45,R:13314
52446350,85344876,FALSE,0.0,L:155,R:6750
81524454,24557096,FALSE,0.0,L:136,R:19581
19411291,44618699,FALSE,0.0,L:207,R:10150
42480791,35071123,FALSE,0.0,L:210,R:16381
97634734,80103776,FALSE,0.0,L:159,R:17870
84528711,45633828,FALSE,0.0,L:129,R:14960
18599997,32904204,FALSE,0.0,L:47,R:17189
12432797,36122706,FALSE,0.0,L:153,R:15287
45840265,66582202,FALSE,0.0,L:247,R:19310
51619328,52323484,FALSE,0.0,L:154,R:8574
22286818,16470846,FALSE,0.0,L:145,R:17502
43938025,76448251,FALSE,0.0,L:134,R:19101
45798790,688058,FALSE,0.0,L:85,R:18239
88642256,68173491,FALSE,0.0,L:173,R:14213
19056011,16819736,FALSE,0.0,L:67,R:7169
52490674,56574761,FALSE,0.0,L:175,R:6213
43974669,13238453,FALSE,0.0,L:203,R:9387
36376221,68173491,FALSE,0.0,L:187,R:14213
55645397,70997833,FALSE,0.0,L:90,R:3395
50121556,70327361,FALSE,0.0,L:81,R:6989
38552937,51810000,FALSE,0.0,L:246,R:18667
88727182,8500749,FALSE,0.0,L:28,R:4073
44507402,77220996,FALSE,0.0,L:115,R:18416
87617353,81113085,FALSE,0.0,L:82,R:12209
17319505,81954319,FALSE,0.0,L:190,R:19381
51400506,42257007,FALSE,0.0,L:18,R:11885
79636420,82269040,FALSE,0.0,L:118,R:13754
33078127,16403660,FALSE,0.0,L:167,R:6399
75837113,19664054,FALSE,0.0,L:125,R:6564
87561830,84323392,FALSE,0.0,L:101,R:9502
81439789,18227397,FALSE,0.0,L:105,R:17052
91650188,46987758,FALSE,0.0,L:10,R:15445
88458047,50258288,FALSE,0.0,L:33,R:9486
64016107,62842391,FALSE,0.0,L:69,R:17690
69487298,58893463,FALSE,0.0,L:68,R:15449
30539466,15068756,FALSE,0.0,L:57,R:2966
66680332,45313699,FALSE,0.0,L:143,R:18594
50155742,87617353,FALSE,0.0,L:54,R:15128
23605781,18147177,FALSE,0.0,L:144,R:12435
10327275,93986462,FALSE,0.0,L:160,R:17954
8251649,35071123,FALSE,0.0,L:258,R:16381
10357719,32220000,FALSE,0.0,L:209,R:10576
66047716,45439666,FALSE,0.0,L:111,R:19250
74254329,29464910,FALSE,0.0,L:108,R:19660
38003960,68173491,FALSE,0.0,L:169,R:14213
533407,56052842,FALSE,0.0,L:0,R:17834
15456949,5494884,FALSE,0.0,L:21,R:18588
24424619,56665777,FALSE,0.0,L:200,R:7187
1644190,3807708,FALSE,0.0,L:172,R:19554
97634734,29553137,FALSE,0.0,L:159,R:7540
75264573,6317370,FALSE,0.0,L:163,R:16884
92817369,71471222,FALSE,0.0,L:151,R:4694
63047535,88440346,FALSE,0.0,L:196,R:13271
78504454,76157897,FALSE,0.0,L:140,R:8745
35648851,98651543,FALSE,0.0,L:36,R:18920
54553525,60447783,FALSE,0.0,L:42,R:12456
22587878,39870975,FALSE,0.0,L:1,R:19195
75207075,70233715,FALSE,0.0,L:121,R:17618
64029523,55031719,FALSE,0.0,L:251,R:251
80927616,1368009,FALSE,0.0,L:93,R:7043
65813186,88810551,FALSE,0.0,L:123,R:13060
11564664,34748897,FALSE,0.0,L:165,R:16657
75098958,56417965,FALSE,0.0,L:234,R:19612
1016115,40963162,FALSE,0.0,L:177,R:17670
4358136,84899710,FALSE,0.0,L:25,R:18893
97374326,79605689,FALSE,0.0,L:182,R:19152
38003960,88359769,FALSE,0.0,L:169,R:19712
19664054,19664054,TRUE,0.0,L:98,R:15323
63047535,24560720,TRUE,0.0,L:196,R:3054
73591660,73591660,TRUE,0.0,L:236,R:15148
80103776,13938844,TRUE,0.0,L:195,R:18001
53832391,82090972,TRUE,0.0,L:148,R:10778
69912633,5494884,TRUE,0.0,L:250,R:18588
58076544,48368736,TRUE,0.0,L:214,R:12331
57619335,47448449,TRUE,0.0,L:30,R:11228
2056076,82090972,TRUE,0.0,L:219,R:18011
65129957,55002512,TRUE,0.0,L:55,R:19735
91929224,81621854,TRUE,0.0,L:8,R:16692
97068882,3024917,TRUE,0.0,L:78,R:19680
11620368,89231681,TRUE,0.0,L:126,R:12403
69912633,55471505,TRUE,0.0,L:250,R:19653
46652889,19906097,TRUE,0.0,L:34,R:17786
3419456,20160782,TRUE,0.0,L:226,R:16658
89315005,89315005,TRUE,0.0,L:74,R:7814
87617353,25113988,TRUE,0.0,L:82,R:19823
9931532,28879558,TRUE,0.0,L:27,R:17245
25106018,25407477,TRUE,0.0,L:138,R:10898
533407,77546325,TRUE,0.0,L:0,R:15649
19089912,77008042,TRUE,0.0,L:15,R:4570
97068882,54797321,TRUE,0.0,L:78,R:154
22587878,56034511,TRUE,0.0,L:1,R:7722
10357719,59530385,TRUE,0.0,L:209,R:18980
51619328,45465228,TRUE,0.0,L:154,R:19782
87617353,11026567,TRUE,0.0,L:82,R:19522
88458047,47663935,TRUE,0.0,L:33,R:19827
80927616,32220000,TRUE,0.0,L:93,R:16627
2056076,52361746,TRUE,0.0,L:219,R:15351
3420227,60624891,TRUE,0.0,L:124,R:13543
38552937,4284864,FALSE,0.0,L:246,R:18385
97374326,13142970,FALSE,0.0,L:182,R:3838
47751906,1854108,FALSE,0.0,L:46,R:18945
71230660,51946981,FALSE,0.0,L:227,R:19672
8583713,32210028,FALSE,0.0,L:193,R:16449
4537109,69663824,FALSE,0.0,L:245,R:18968
6020197,78851350,FALSE,0.0,L:114,R:7028
43938025,23351642,FALSE,0.0,L:134,R:16344
22286818,37387828,FALSE,0.0,L:145,R:3549
91577206,34259452,FALSE,0.0,L:4,R:13567
66123367,90040742,FALSE,0.0,L:17,R:14329
64016107,69366044,FALSE,0.0,L:69,R:14554
61786686,9543130,FALSE,0.0,L:164,R:18380
2008347,31276154,FALSE,0.0,L:65,R:18459
88458047,458928,FALSE,0.0,L:33,R:2652
30674519,52165787,FALSE,0.0,L:116,R:17341
27074490,52249526,FALSE,0.0,L:97,R:13006
81439789,6798938,FALSE,0.0,L:105,R:19484
66680332,79435188,FALSE,0.0,L:143,R:5067
22858953,36261494,FALSE,0.0,L:197,R:4688
54553525,26425849,FALSE,0.0,L:42,R:10187
43938025,95477481,FALSE,0.0,L:134,R:17320
91650188,23175875,FALSE,0.0,L:10,R:12924
62191549,22000442,FALSE,0.0,L:11,R:14648
51400506,45798790,FALSE,0.0,L:18,R:9609
84339956,80250895,FALSE,0.0,L:24,R:7712
33086446,28044807,FALSE,0.0,L:202,R:17013
50944416,64350426,FALSE,0.0,L:64,R:7465
58076544,75462645,FALSE,0.0,L:214,R:19185
19462081,57623831,FALSE,0.0,L:139,R:19696
10548789,97573369,FALSE,0.0,L:71,R:1900
65813186,95707907,FALSE,0.0,L:123,R:19276
16327022,51143371,FALSE,0.0,L:248,R:2306
30674519,60784884,FALSE,0.0,L:116,R:10368
49590574,56619455,FALSE,0.0,L:75,R:11700
7189592,88359769,FALSE,0.0,L:221,R:19712
98553637,87452640,FALSE,0.0,L:102,R:3814
35648851,54943657,FALSE,0.0,L:36,R:10454
62191549,11708101,FALSE,0.0,L:11,R:13275
42604445,96915118,FALSE,0.0,L:14,R:17904
97068882,12516100,FALSE,0.0,L:78,R:13316
12432797,21484120,FALSE,0.0,L:153,R:16504
56034511,28603694,FALSE,0.0,L:206,R:4490
44537944,4123023,FALSE,0.0,L:94,R:13505
44507402,87034156,FALSE,0.0,L:115,R:12800
84339956,30675144,FALSE,0.0,L:24,R:7114
56052842,71230660,FALSE,0.0,L:83,R:19824
63047535,74120008,FALSE,0.0,L:196,R:14428
63565434,36986473,FALSE,0.0,L:100,R:453
25106018,27364714,FALSE,0.0,L:138,R:1159
12014461,12959047,FALSE,0.0,L:150,R:9205
74877875,54292533,FALSE,0.0,L:51,R:5853
21171296,7368288,FALSE,0.0,L:29,R:12542
46980585,76569969,FALSE,0.0,L:77,R:19766
52024859,63223933,FALSE,0.0,L:218,R:12883
78504458,49517221,FALSE,0.0,L:224,R:10478
23175875,87561830,FALSE,0.0,L:79,R:12614
42604445,68770838,FALSE,0.0,L:14,R:17409
68159,82640108,FALSE,0.0,L:235,R:19572
65129957,53426556,FALSE,0.0,L:55,R:14855
75264573,30102088,FALSE,0.0,L:163,R:11506
97068882,32800642,FALSE,0.0,L:78,R:13657
57534412,62242632,FALSE,0.0,L:253,R:18273
18599997,1016115,FALSE,0.0,L:47,R:18871
63431675,82673188,FALSE,0.0,L:201,R:16848
66680332,74804936,FALSE,0.0,L:143,R:19271
85223368,38674629,FALSE,0.0,L:63,R:3426
8251649,9543130,FALSE,0.0,L:258,R:18380
49678723,89196186,FALSE,0.0,L:132,R:275
18599997,18599997,TRUE,0.0,L:47,R:18841
91040930,87561830,TRUE,0.0,L:168,R:19169
66123367,38447746,TRUE,0.0,L:17,R:16962
66765162,93033786,TRUE,0.0,L:43,R:19295
87561830,67275979,TRUE,0.0,L:101,R:5590
73861776,38787361,TRUE,0.0,L:228,R:9192
83592973,373814,TRUE,0.0,L:180,R:14986
43742368,94402600,TRUE,0.0,L:70,R:17568
13618142,484757,TRUE,0.0,L:20,R:2133
93651578,78673658,TRUE,0.0,L:127,R:11693
38003960,38003960,TRUE,0.0,L:169,R:11656
92817369,43876521,TRUE,0.0,L:151,R:15727
91650188,91650188,TRUE,0.0,L:10,R:15377
43742368,13718291,TRUE,0.0,L:70,R:18227
22858953,46111836,TRUE,0.0,L:197,R:16300
19089912,68280046,TRUE,0.0,L:15,R:17261
206952,40336134,TRUE,0.0,L:117,R:18644
1619856,1619856,TRUE,0.0,L:237,R:15519
4537109,4537109,TRUE,0.0,L:245,R:3189
66765162,81488948,TRUE,0.0,L:43,R:6757
10298203,2056076,TRUE,0.0,L:171,R:12938
82628958,21670568,TRUE,0.0,L:16,R:16
19411291,19411291,TRUE,0.0,L:207,R:11756
46980585,46980585,TRUE,0.0,L:77,R:18466
74254329,74254329,TRUE,0.0,L:108,R:18139
33086446,87935160,TRUE,0.0,L:202,R:17877
91577206,53464814,TRUE,0.0,L:4,R:11801
47751906,32846148,TRUE,0.0,L:46,R:13391
62191549,47336087,TRUE,0.0,L:11,R:19160
11178569,50781773,TRUE,0.0,L:13,R:13597
91646112,47684966,TRUE,0.0,L:133,R:18673
23092603,55037683,FALSE,0.0,L:178,R:17556
84339956,75488221,FALSE,0.0,L:24,R:18763
91929224,67266541,FALSE,0.0,L:8,R:16860
1016115,1286250,FALSE,0.0,L:177,R:13118
18500821,24032868,FALSE,0.0,L:49,R:19832
11620368,15068756,FALSE,0.0,L:126,R:2966
74017051,52672692,FALSE,0.0,L:254,R:13830
22007806,28044413,FALSE,0.0,L:12,R:18997
77427895,69388758,FALSE,0.0,L:9,R:10733
98441367,7132510,FALSE,0.0,L:45,R:7115
56034511,11102231,FALSE,0.0,L:206,R:17163
61786686,28129178,FALSE,0.0,L:164,R:10037
75264573,44517360,FALSE,0.0,L:163,R:4148
89315005,10357719,FALSE,0.0,L:74,R:18308
12432797,66830476,FALSE,0.0,L:153,R:19257
71915407,13253151,FALSE,0.0,L:26,R:18324
68689972,40908219,FALSE,0.0,L:198,R:16530
62807515,73382141,FALSE,0.0,L:61,R:4375
81439789,66880690,FALSE,0.0,L:105,R:13681
75837113,1754547,FALSE,0.0,L:125,R:8762
43742368,70665219,FALSE,0.0,L:70,R:668
91577206,51810284,FALSE,0.0,L:4,R:14890
38447746,26301462,FALSE,0.0,L:131,R:15999
23175875,95741314,FALSE,0.0,L:79,R:17542
43742368,11406200,FALSE,0.0,L:70,R:11446
18599997,10719102,FALSE,0.0,L:47,R:19065
38003960,47054638,FALSE,0.0,L:169,R:14148
23092603,97112728,FALSE,0.0,L:178,R:18934
1444713,35351309,FALSE,0.0,L:255,R:14717
22587878,70558780,FALSE,0.0,L:1,R:19376
1644190,14494,FALSE,0.0,L:172,R:19772
11564664,57706537,FALSE,0.0,L:165,R:18089
3335799,80927616,FALSE,0.0,L:52,R:18937
69487298,50789754,FALSE,0.0,L:68,R:18621
52490674,8547400,FALSE,0.0,L:175,R:16033
69487298,12190772,FALSE,0.0,L:68,R:18465
42514477,23055402,FALSE,0.0,L:31,R:9942
21120329,789163,FALSE,0.0,L:176,R:5607
69817830,15001240,FALSE,0.0,L:149,R:6578
52992150,6798938,FALSE,0.0,L:109,R:19484
42480791,70159856,FALSE,0.0,L:210,R:4278
65260514,13913419,FALSE,0.0,L:86,R:19072
81439789,53426556,FALSE,0.0,L:105,R:14855
23605781,60527373,FALSE,0.0,L:144,R:19751
79678212,61201533,FALSE,0.0,L:103,R:1342
21171296,10496,FALSE,0.0,L:29,R:13531
2056076,82474920,FALSE,0.0,L:219,R:17689
79636420,84459988,FALSE,0.0,L:118,R:12300
66123367,73325934,FALSE,0.0,L:17,R:15211
27074490,25135333,FALSE,0.0,L:97,R:14887
57534412,46950967,FALSE,0.0,L:253,R:19370
3419456,98857946,FALSE,0.0,L:226,R:15448
62899929,42047312,FALSE,0.0,L:40,R:19606
8583713,1286250,FALSE,0.0,L:193,R:13118
42604445,35410623,FALSE,0.0,L:14,R:2791
48035811,65931181,FALSE,0.0,L:239,R:12893
25725051,36159614,FALSE,0.0,L:2,R:2413
83592973,7717624,FALSE,0.0,L:180,R:14991
93651578,69918467,FALSE,0.0,L:127,R:17270
52024859,1374896,FALSE,0.0,L:218,R:14665
65569829,28044413,FALSE,0.0,L:112,R:18997
28930641,55733499,FALSE,0.0,L:230,R:13692
97374326,56459937,FALSE,0.0,L:182,R:18147
71230660,12051271,FALSE,0.0,L:227,R:18457
49678723,12432797,FALSE,0.0,L:132,R:13191
80103776,8298432,FALSE,0.0,L:195,R:5477
33078127,65953977,FALSE,0.0,L:167,R:18828
84745207,88064882,FALSE,0.0,L:158,R:19011
83592973,36868284,FALSE,0.0,L:180,R:14432
9543130,17140848,TRUE,0.0,L:122,R:3264
80927616,56801330,TRUE,0.0,L:93,R:5282
69817830,3167871,TRUE,0.0,L:149,R:16192
74017051,67318157,TRUE,0.0,L:254,R:14173
19056011,19056011,TRUE,0.0,L:67,R:17437
23092603,62527996,TRUE,0.0,L:178,R:17575
24424619,54038893,TRUE,0.0,L:200,R:17514
30639668,87637930,TRUE,0.0,L:184,R:19183
38696455,67394791,TRUE,0.0,L:147,R:14607
533407,16327022,TRUE,0.0,L:0,R:14392
69980659,44767931,TRUE,0.0,L:62,R:17323
24424619,31886989,TRUE,0.0,L:200,R:17150
206952,206952,TRUE,0.0,L:117,R:19512
61786686,40266391,TRUE,0.0,L:164,R:6224
42514477,81441228,TRUE,0.0,L:31,R:18394
45798790,95282914,TRUE,0.0,L:85,R:11256
1644190,35873746,TRUE,0.0,L:172,R:17264
51619328,57983184,TRUE,0.0,L:154,R:15950
1374896,31210232,TRUE,0.0,L:188,R:11737
57534412,57534412,TRUE,0.0,L:253,R:17469
2056076,13238453,TRUE,0.0,L:219,R:19437
56052842,49536402,TRUE,0.0,L:83,R:7772
30639668,33538650,TRUE,0.0,L:184,R:14285
13555843,1136383,TRUE,0.0,L:229,R:16043
66123367,65813186,TRUE,0.0,L:17,R:18715
25431697,25431697,TRUE,0.0,L:38,R:3022
98179574,91717987,TRUE,0.0,L:73,R:19202
98193827,57125875,TRUE,0.0,L:72,R:544
85223368,43895439,TRUE,0.0,L:63,R:10521
91577206,91577206,TRUE,0.0,L:4,R:18458
15456949,24927328,TRUE,0.0,L:21,R:14350
87617353,18873785,TRUE,0.0,L:82,R:15749
98193827,43476859,TRUE,0.0,L:72,R:18205
23092603,70327361,TRUE,0.0,L:178,R:5642
2860056,2860056,TRUE,0.0,L:222,R:18375
68830291,90625197,TRUE,0.0,L:76,R:12391
82628958,79415655,TRUE,0.0,L:16,R:11500
87617353,55601807,FALSE,0.0,L:213,R:1278
12606832,75426867,FALSE,0.0,L:89,R:2526
90603941,97987485,FALSE,0.0,L:215,R:2065
56904801,43185555,FALSE,0.0,L:91,R:17121
45703720,56574761,FALSE,0.0,L:96,R:6213
206952,2056076,FALSE,0.0,L:117,R:19785
6787878,9513553,FALSE,0.0,L:142,R:17674
43974669,57706537,FALSE,0.0,L:203,R:18089
28656579,18567164,FALSE,0.0,L:194,R:4986
34073206,15160348,FALSE,0.0,L:156,R:19444
79678212,2237327,FALSE,0.0,L:103,R:19519
97374326,31177984,FALSE,0.0,L:182,R:17946
63431675,89231681,FALSE,0.0,L:201,R:12403
33133828,72558082,FALSE,0.0,L:204,R:8942
61195551,1017836,FALSE,0.0,L:106,R:11133
50155742,15280298,FALSE,0.0,L:54,R:19356
45703720,10049858,FALSE,0.0,L:96,R:14592
13253151,54214061,FALSE,0.0,L:39,R:14143
50011753,82845408,FALSE,0.0,L:119,R:13458
10357719,16669097,FALSE,0.0,L:209,R:7924
67394791,23276195,FALSE,0.0,L:32,R:17917
13253151,71915407,FALSE,0.0,L:39,R:19434
9543130,28129178,FALSE,0.0,L:122,R:12940
94512766,17824558,FALSE,0.0,L:185,R:13417
71915407,89090467,FALSE,0.0,L:26,R:4068
13253151,43185555,FALSE,0.0,L:39,R:5118
51810000,23092374,FALSE,0.0,L:231,R:3515
74659398,38919022,FALSE,0.0,L:179,R:8227
66047716,21860951,FALSE,0.0,L:111,R:19071
43938025,51684327,FALSE,0.0,L:134,R:19162
61195551,45633828,FALSE,0.0,L:106,R:14960
18500821,93774542,FALSE,0.0,L:49,R:18289
68830291,16819736,FALSE,0.0,L:76,R:7169
23605781,56834248,FALSE,0.0,L:144,R:18847
71230660,28877164,FALSE,0.0,L:227,R:18909
53072167,58227335,FALSE,0.0,L:66,R:15086
58076544,59314991,FALSE,0.0,L:214,R:618
68689972,58227335,FALSE,0.0,L:198,R:15469
56904801,23259789,FALSE,0.0,L:91,R:8742
3789207,75488221,FALSE,0.0,L:7,R:18763
56904801,64481345,FALSE,0.0,L:91,R:3718
3789207,12993047,FALSE,0.0,L:7,R:19831
36626671,13618142,FALSE,0.0,L:135,R:7406
16327022,86917365,FALSE,0.0,L:248,R:18854
18500821,9232364,FALSE,0.0,L:49,R:7693
42514477,74329118,FALSE,0.0,L:31,R:882
75207075,82673188,FALSE,0.0,L:121,R:16848
43938025,45157616,FALSE,0.0,L:134,R:13475
2952392,52425202,FALSE,0.0,L:3,R:18117
70702847,54214061,FALSE,0.0,L:23,R:14143
25431697,93315586,FALSE,0.0,L:38,R:4018
46980585,32763428,FALSE,0.0,L:77,R:19235
65813186,26736430,FALSE,0.0,L:123,R:8346
12432797,87936794,FALSE,0.0,L:153,R:15033
75207075,98423908,FALSE,0.0,L:121,R:19284
83592973,81014895,FALSE,0.0,L:180,R:17744
12606832,40845396,FALSE,0.0,L:89,R:19407
206952,64692163,FALSE,0.0,L:117,R:13819
74877875,72432749,FALSE,0.0,L:51,R:18168
62242636,24574240,FALSE,0.0,L:113,R:19220
38447746,78135307,FALSE,0.0,L:131,R:10798
56904801,48521206,FALSE,0.0,L:91,R:19468
74254329,12541827,FALSE,0.0,L:108,R:17621
28990885,1278634,TRUE,0.0,L:152,R:13247
1374896,8289216,TRUE,0.0,L:188,R:5353
16327022,16327022,TRUE,0.0,L:248,R:14392
52588355,25980770,TRUE,0.0,L:208,R:17280
35759560,40845396,TRUE,0.0,L:257,R:19407
17319505,87942477,TRUE,0.0,L:190,R:15943
98193827,19331727,TRUE,0.0,L:72,R:15891
10298203,43411151,TRUE,0.0,L:171,R:16042
2008347,2158913,TRUE,0.0,L:65,R:14453
61794834,61794834,TRUE,0.0,L:110,R:10773
75098958,36376221,TRUE,0.0,L:234,R:19770
88727182,88727182,TRUE,0.0,L:28,R:10239
50121556,11980993,TRUE,0.0,L:81,R:17220
30639668,47448449,TRUE,0.0,L:184,R:11228
35648851,30141859,TRUE,0.0,L:36,R:15012
43411151,82090972,TRUE,0.0,L:5,R:18011
14639066,83259803,TRUE,0.0,L:181,R:19339
23092603,62423305,TRUE,0.0,L:178,R:15885
45703720,77117519,TRUE,0.0,L:96,R:16460
85223368,64518758,TRUE,0.0,L:63,R:14916
67394791,38696455,TRUE,0.0,L:32,R:11914
36626671,29543701,TRUE,0.0,L:135,R:18899
30539466,10367463,TRUE,0.0,L:57,R:17378
87617353,97035417,TRUE,0.0,L:82,R:18719
65129957,65129957,TRUE,0.0,L:55,R:12093
56034511,56034511,TRUE,0.0,L:206,R:7722
90603941,61976083,TRUE,0.0,L:215,R:15502
66880690,77966846,TRUE,0.0,L:88,R:18074
83592973,67274293,TRUE,0.0,L:180,R:16687
30539466,55591354,TRUE,0.0,L:57,R:15083
81524454,5865726,TRUE,0.0,L:136,R:13120
68159,19935629,TRUE,0.0,L:235,R:18025
57619335,57619335,TRUE,0.0,L:30,R:18425
1016115,10719102,TRUE,0.0,L:177,R:19065
28656579,3889666,TRUE,0.0,L:194,R:19180
45798790,42257007,FALSE,0.0,L:85,R:11885
74877875,18123170,FALSE,0.0,L:51,R:19760
90603941,49605449,FALSE,0.0,L:215,R:19321
13253151,47070583,FALSE,0.0,L:39,R:12171
32639101,27957137,FALSE,0.0,L:84,R:16228
67394791,2046148,FALSE,0.0,L:32,R:14397
18346724,96789323,FALSE,0.0,L:217,R:18616
44537944,55393360,FALSE,0.0,L:94,R:17300
88642256,1741624,FALSE,0.0,L:173,R:10749
4358136,6930754,FALSE,0.0,L:25,R:11600
58076544,7897927,FALSE,0.0,L:214,R:5230
56904801,51241325,FALSE,0.0,L:91,R:19088
84745207,86608954,FALSE,0.0,L:158,R:18612
51241325,59006657,FALSE,0.0,L:186,R:15581
34073206,15787372,FALSE,0.0,L:156,R:1281
19664054,49810009,FALSE,0.0,L:98,R:17897
45946412,3447561,FALSE,0.0,L:92,R:16731
12541827,74254329,FALSE,0.0,L:238,R:18139
30674519,11757058,FALSE,0.0,L:116,R:7206
44537944,830512,FALSE,0.0,L:94,R:19296
84745207,64743053,FALSE,0.0,L:158,R:12219
78673658,31259617,FALSE,0.0,L:107,R:656
12541827,46627365,FALSE,0.0,L:238,R:12698
38552937,27364714,FALSE,0.0,L:246,R:1159
23175875,66437726,FALSE,0.0,L:79,R:19438
21120329,51520804,FALSE,0.0,L:176,R:19714
84745207,54853495,FALSE,0.0,L:158,R:17975
35610901,71562627,FALSE,0.0,L:41,R:7458
52490674,92165480,FALSE,0.0,L:175,R:19261
19056011,92318972,FALSE,0.0,L:67,R:18335
74017051,6004888,FALSE,0.0,L:254,R:8786
62242636,17366003,FALSE,0.0,L:113,R:1519
21171296,25259459,FALSE,0.0,L:29,R:18850
18346724,83109791,FALSE,0.0,L:217,R:4480
95963025,6190598,FALSE,0.0,L:37,R:19069
18515586,52799959,FALSE,0.0,L:241,R:18804
89196186,60515025,FALSE,0.0,L:192,R:12545
54584667,24570958,FALSE,0.0,L:249,R:3125
44507402,61505203,FALSE,0.0,L:115,R:10939
3335799,54108907,FALSE,0.0,L:52,R:12567
74017051,53020798,FALSE,0.0,L:254,R:16899
61794834,16934958,FALSE,0.0,L:110,R:19246
50944416,53497255,FALSE,0.0,L:64,R:9354
98553637,75157949,FALSE,0.0,L:102,R:14837
45798790,27364714,FALSE,0.0,L:85,R:1159
22587878,13913419,FALSE,0.0,L:1,R:19072
69980659,68780120,FALSE,0.0,L:62,R:14204
12541827,92318972,FALSE,0.0,L:238,R:18335
94512766,74461011,FALSE,0.0,L:185,R:3562
12541827,4537109,FALSE,0.0,L:238,R:3189
67394791,68803537,FALSE,0.0,L:32,R:11881
13555843,74972794,FALSE,0.0,L:229,R:19009
13618142,52108235,FALSE,0.0,L:20,R:19363
36868284,36133874,FALSE,0.0,L:6,R:18929
38003960,71710449,FALSE,0.0,L:169,R:5817
19403571,56603137,FALSE,0.0,L:244,R:17886
19462081,22858953,FALSE,0.0,L:139,R:17272
1619856,69996428,FALSE,0.0,L:237,R:12603
75098958,61542865,FALSE,0.0,L:234,R:15112
46980585,17234295,FALSE,0.0,L:77,R:13208
1619856,3762458,FALSE,0.0,L:237,R:8492
93651578,35191236,FALSE,0.0,L:127,R:1056
25106018,42257007,FALSE,0.0,L:138,R:11885
12014461,40336134,FALSE,0.0,L:150,R:150
22587878,88440346,FALSE,0.0,L:1,R:13271
91040930,61905253,TRUE,0.0,L:168,R:18912
46652889,46652889,TRUE,0.0,L:34,R:16459
65569829,11685383,TRUE,0.0,L:112,R:5410
44537944,62145678,TRUE,0.0,L:94,R:8873
38693547,38693547,TRUE,0.0,L:166,R:11759
49590574,80500885,TRUE,0.0,L:75,R:18561
1619856,24531337,TRUE,0.0,L:237,R:19095
1374896,47562526,TRUE,0.0,L:188,R:16346
22007806,82803590,TRUE,0.0,L:12,R:17774
36984659,26774090,TRUE,0.0,L:199,R:17634
56052842,86917365,TRUE,0.0,L:83,R:18854
33086446,33086446,TRUE,0.0,L:202,R:16182
84745207,84745207,TRUE,0.0,L:158,R:15274
68830291,3133021,TRUE,0.0,L:76,R:5810
80103776,80103776,TRUE,0.0,L:195,R:17870
3420227,68830291,TRUE,0.0,L:124,R:14311
79636420,6959647,TRUE,0.0,L:118,R:10785
35648851,35648851,TRUE,0.0,L:36,R:15864
54553525,69388758,TRUE,0.0,L:42,R:16009
53426556,149175,TRUE,0.0,L:80,R:13283
68689972,96968345,TRUE,0.0,L:198,R:2171
81439789,81439789,TRUE,0.0,L:105,R:16171
88458047,20160782,TRUE,0.0,L:33,R:16658
2860056,33563667,TRUE,0.0,L:222,R:760
38696455,40116448,TRUE,0.0,L:147,R:11915
19462081,90333406,TRUE,0.0,L:139,R:17682
53832391,10298203,TRUE,0.0,L:148,R:17144
52446350,22537653,TRUE,0.0,L:155,R:19168
1444713,12187600,TRUE,0.0,L:255,R:14242
14639066,14639066,TRUE,0.0,L:181,R:17265
32639101,87331567,TRUE,0.0,L:84,R:17814
76795826,47684966,TRUE,0.0,L:44,R:18673
24424619,31177536,TRUE,0.0,L:200,R:19232
54553525,76444235,TRUE,0.0,L:42,R:7159
65260514,24560720,TRUE,0.0,L:86,R:3054
66880690,71562627,FALSE,0.0,L:88,R:1105
10327275,37865200,FALSE,0.0,L:160,R:19300
50121556,51899127,FALSE,0.0,L:81,R:5827
69980659,88812865,FALSE,0.0,L:62,R:17456
1016115,8583713,FALSE,0.0,L:177,R:5010
52446350,65985414,FALSE,0.0,L:155,R:12497
44537944,97525993,FALSE,0.0,L:94,R:19021
79678212,28465006,FALSE,0.0,L:103,R:16141
4537109,89030440,FALSE,0.0,L:245,R:376
22007806,45759307,FALSE,0.0,L:12,R:18938
13618142,19331727,FALSE,0.0,L:20,R:16174
71230660,36766674,FALSE,0.0,L:227,R:16733
69487298,60946583,FALSE,0.0,L:68,R:18479
44537944,68527967,FALSE,0.0,L:94,R:12472
1644190,61786686,FALSE,0.0,L:172,R:18709
78504458,92484431,FALSE,0.0,L:224,R:1704
7189592,20317030,FALSE,0.0,L:221,R:17883
62807515,50129119,FALSE,0.0,L:61,R:19165
36376221,88642256,FALSE,0.0,L:187,R:17402
46652889,33133828,FALSE,0.0,L:34,R:9817
11178569,87034156,FALSE,0.0,L:13,R:10899
12991173,70665219,FALSE,0.0,L:256,R:668
58076544,82673188,FALSE,0.0,L:214,R:16848
833754,4314914,FALSE,0.0,L:141,R:19368
32413380,97525993,FALSE,0.0,L:191,R:19021
87617353,62527996,FALSE,0.0,L:82,R:17575
75837113,81969240,FALSE,0.0,L:125,R:16208
95963025,53072167,FALSE,0.0,L:37,R:13973
74659398,64181180,FALSE,0.0,L:179,R:5988
3789207,33950628,FALSE,0.0,L:7,R:8120
1374896,47293324,FALSE,0.0,L:188,R:1343
91650188,24528866,FALSE,0.0,L:10,R:15005
33078108,8298432,FALSE,0.0,L:60,R:5477
18599997,562267,FALSE,0.0,L:47,R:3737
3519173,11102231,FALSE,0.0,L:211,R:17163
21484120,24160389,FALSE,0.0,L:48,R:7050
74254329,24802094,FALSE,0.0,L:108,R:18824
66765162,43641610,FALSE,0.0,L:43,R:14587
22286818,82672282,FALSE,0.0,L:145,R:16451
2860056,44618699,FALSE,0.0,L:222,R:1445
74877875,79552463,FALSE,0.0,L:51,R:17120
77380292,55601807,FALSE,0.0,L:189,R:14237
61794834,33133828,FALSE,0.0,L:110,R:9817
8583713,17629924,FALSE,0.0,L:193,R:16007
61794834,93836358,FALSE,0.0,L:110,R:18969
18500821,1136383,FALSE,0.0,L:49,R:16229
28990885,49805702,FALSE,0.0,L:152,R:9254
27074490,86382104,FALSE,0.0,L:97,R:3559
96845495,47562526,FALSE,0.0,L:99,R:16346
25106018,56459937,FALSE,0.0,L:138,R:18147
48734649,84074739,FALSE,0.0,L:35,R:10330
12991173,49810009,FALSE,0.0,L:256,R:18791
206952,82515987,FALSE,0.0,L:117,R:9955
51241325,3495669,FALSE,0.0,L:186,R:15939
89196186,10196461,FALSE,0.0,L:192,R:5303
10298203,12850168,FALSE,0.0,L:171,R:11042
75264573,74456310,FALSE,0.0,L:163,R:18464
57534412,38696455,FALSE,0.0,L:253,R:11914
71915407,97573369,FALSE,0.0,L:26,R:1900
18500821,38725653,FALSE,0.0,L:49,R:5553
66047716,75431386,FALSE,0.0,L:111,R:13857
66123367,95707907,FALSE,0.0,L:17,R:19276
78504454,57337098,FALSE,0.0,L:140,R:5717
35648851,12389785,FALSE,0.0,L:36,R:19320
14654897,37532089,FALSE,0.0,L:146,R:17021
75264573,25259459,TRUE,0.0,L:163,R:18850
75249284,2491460,TRUE,0.0,L:59,R:11794
2952392,81137394,TRUE,0.0,L:3,R:7735
64016107,60706564,TRUE,0.0,L:69,R:541
66047716,66047716,TRUE,0.0,L:111,R:3627
64029523,30102088,TRUE,0.0,L:251,R:14619
52588355,62897555,TRUE,0.0,L:208,R:10155
22007806,12389785,TRUE,0.0,L:12,R:19320
27074490,23775322,TRUE,0.0,L:97,R:16834
33078108,29478614,TRUE,0.0,L:60,R:19216
9543130,76176642,TRUE,0.0,L:122,R:7417
56034511,43053272,TRUE,0.0,L:206,R:15852
66765162,71555853,TRUE,0.0,L:43,R:19184
88458047,55789763,TRUE,0.0,L:33,R:8669
53832391,43411151,TRUE,0.0,L:148,R:16042
70702847,8289216,TRUE,0.0,L:23,R:5353
25796073,46950967,TRUE,0.0,L:95,R:8870
46980585,96968345,TRUE,0.0,L:77,R:14406
52588355,74722865,TRUE,0.0,L:208,R:17864
87617353,21223802,TRUE,0.0,L:82,R:15452
84528711,84528711,TRUE,0.0,L:129,R:13034
19056011,15295500,TRUE,0.0,L:67,R:17477
82628958,82628958,TRUE,0.0,L:16,R:17940
14639066,76338003,TRUE,0.0,L:181,R:15783
61195551,70159856,FALSE,0.0,L:106,R:4278
23175875,12456679,FALSE,0.0,L:79,R:15923
38696455,48567372,FALSE,0.0,L:147,R:13124
54584667,24187475,FALSE,0.0,L:249,R:19194
94512766,2046148,FALSE,0.0,L:185,R:14397
2008347,49913390,FALSE,0.0,L:65,R:18708
43938025,4358136,FALSE,0.0,L:134,R:19604
36984659,52917835,FALSE,0.0,L:199,R:12115
43938025,16421267,FALSE,0.0,L:134,R:19558
25376043,36782025,FALSE,0.0,L:225,R:19771
7189592,68173492,FALSE,0.0,L:221,R:9574
50944416,32846148,FALSE,0.0,L:64,R:13391
50944416,27988700,FALSE,0.0,L:64,R:19034
70702847,81069691,FALSE,0.0,L:23,R:5564
75249284,47250943,FALSE,0.0,L:59,R:17878
36376221,93033786,FALSE,0.0,L:187,R:19295
43974669,82474920,FALSE,0.0,L:203,R:17689
64029523,63623853,FALSE,0.0,L:251,R:8693
30539466,8565641,FALSE,0.0,L:57,R:18834
81439789,24990804,FALSE,0.0,L:105,R:9841
55157414,90541622,FALSE,0.0,L:240,R:1067
4537109,20900807,FALSE,0.0,L:245,R:18170
8251649,54536046,FALSE,0.0,L:258,R:19657
53426556,82325558,FALSE,0.0,L:80,R:7326
13253151,8289216,FALSE,0.0,L:39,R:5353
62422382,42440519,FALSE,0.0,L:22,R:8266
3789207,62684643,FALSE,0.0,L:7,R:2487
45798790,804681,FALSE,0.0,L:85,R:17530
8251649,87317188,FALSE,0.0,L:258,R:11894
45703720,52490674,FALSE,0.0,L:96,R:5421
94601010,9232364,FALSE,0.0,L:50,R:7693
79678212,33943040,FALSE,0.0,L:103,R:3410
77005955,48308917,FALSE,0.0,L:170,R:16689
69817830,43951434,FALSE,0.0,L:149,R:16407
76795826,84899710,FALSE,0.0,L:44,R:10401
47247439,55037683,FALSE,0.0,L:252,R:17556
94512766,67394791,FALSE,0.0,L:185,R:16387
88727182,83448526,FALSE,0.0,L:28,R:14778
23175875,57274568,FALSE,0.0,L:79,R:112
91040930,90603941,FALSE,0.0,L:168,R:14325
13253151,75582659,FALSE,0.0,L:39,R:137
94601010,24879041,FALSE,0.0,L:50,R:18414
77005955,46830216,FALSE,0.0,L:170,R:6222
81356812,70880617,FALSE,0.0,L:183,R:19809
81439789,60527373,FALSE,0.0,L:105,R:19751
12541827,15295500,FALSE,0.0,L:238,R:17671
25725051,24574240,FALSE,0.0,L:2,R:19220
36626671,46781089,FALSE,0.0,L:135,R:4420
52446350,72145468,FALSE,0.0,L:155,R:17930
10327275,66482665,FALSE,0.0,L:160,R:452
19462081,2208179,FALSE,0.0,L:139,R:1225
33133828,25446597,FALSE,0.0,L:204,R:17505
36626671,18843058,FALSE,0.0,L:135,R:4800
4358136,51684327,FALSE,0.0,L:25,R:19162
66047716,87942477,FALSE,0.0,L:111,R:1542
63565434,95741314,FALSE,0.0,L:100,R:3029
98441367,41148564,FALSE,0.0,L:45,R:18690
43974669,82090972,FALSE,0.0,L:203,R:18011
63047535,59259401,FALSE,0.0,L:196,R:19425
30539466,3024917,FALSE,0.0,L:57,R:13783
77427895,35565212,FALSE,0.0,L:9,R:17578
206952,42728611,FALSE,0.0,L:117,R:8644
35648851,3447561,FALSE,0.0,L:36,R:16731
11620368,81164999,FALSE,0.0,L:126,R:4693
533407,87824933,FALSE,0.0,L:0,R:16727
51810000,20991412,FALSE,0.0,L:231,R:15306
48734649,12428859,FALSE,0.0,L:35,R:3212
78673658,58914967,FALSE,0.0,L:107,R:17385
97374326,9852266,FALSE,0.0,L:182,R:5769
52490674,69541495,FALSE,0.0,L:175,R:12160
81439789,54973290,FALSE,0.0,L:105,R:8779
25376043,84745207,FALSE,0.0,L:225,R:15274
38693547,90839732,FALSE,0.0,L:166,R:12600
81439789,85207636,FALSE,0.0,L:105,R:3452
73591660,23969431,FALSE,0.0,L:236,R:17807
68159,17366003,FALSE,0.0,L:235,R:11812
2056076,62927088,TRUE,0.0,L:219,R:9921
3775981,10373250,TRUE,0.0,L:104,R:8836
2952392,83448526,TRUE,0.0,L:3,R:14300
47247439,16362919,TRUE,0.0,L:252,R:15717
48734649,62471502,TRUE,0.0,L:35,R:2089
52446350,16470846,TRUE,0.0,L:155,R:17502
45798790,21232394,TRUE,0.0,L:85,R:7472
19089912,84268155,TRUE,0.0,L:15,R:6453
98553637,52108235,TRUE,0.0,L:102,R:19631
52490674,11896681,TRUE,0.0,L:175,R:17278
3420227,17000000,TRUE,0.0,L:124,R:16212
14639066,35599020,TRUE,0.0,L:181,R:3511
14639066,87407497,TRUE,0.0,L:181,R:4098
7189592,1741624,TRUE,0.0,L:221,R:10749
54584667,88440346,TRUE,0.0,L:249,R:18764
50121556,13502365,TRUE,0.0,L:81,R:12771
73861776,17545487,TRUE,0.0,L:228,R:14274
94601010,21071771,TRUE,0.0,L:50,R:9413
39417365,10080614,TRUE,0.0,L:53,R:11608
3335799,27468857,TRUE,0.0,L:52,R:18597
30639668,46111836,TRUE,0.0,L:184,R:19529
77427895,91369139,TRUE,0.0,L:9,R:14347
24528866,12456679,TRUE,0.0,L:161,R:14566
47247439,56627830,TRUE,0.0,L:252,R:17752
32413380,42981396,FALSE,0.0,L:191,R:18635
21171296,74456310,FALSE,0.0,L:29,R:18464
12541827,23215629,FALSE,0.0,L:238,R:17783
77005955,76514695,FALSE,0.0,L:170,R:9218
18500821,47293324,FALSE,0.0,L:49,R:19578
66880690,8647289,FALSE,0.0,L:88,R:16788
1016115,9359255,FALSE,0.0,L:177,R:6739
66680332,41528118,FALSE,0.0,L:143,R:143
80927616,77380292,FALSE,0.0,L:93,R:1856
79678212,87936794,FALSE,0.0,L:103,R:15033
83592973,49326336,FALSE,0.0,L:180,R:15460
22286818,69202392,FALSE,0.0,L:145,R:18848
10327275,48435137,FALSE,0.0,L:160,R:18603
53072167,74461011,FALSE,0.0,L:66,R:7384
74877875,40581935,FALSE,0.0,L:51,R:16327
33078108,68812834,FALSE,0.0,L:60,R:16593
9931532,19680567,FALSE,0.0,L:27,R:19634
29985208,24424619,FALSE,0.0,L:130,R:7239
55157414,68874465,FALSE,0.0,L:240,R:18451
51241325,81621854,FALSE,0.0,L:186,R:5434
1644190,9543130,FALSE,0.0,L:172,R:18380
98179574,52487903,FALSE,0.0,L:73,R:9246
66880690,75491393,FALSE,0.0,L:88,R:14530
8583713,562267,FALSE,0.0,L:193,R:16660
25796073,36782025,FALSE,0.0,L:95,R:19771
62807515,61354254,FALSE,0.0,L:61,R:15746
16327022,56052842,FALSE,0.0,L:248,R:19007
88458047,26060343,FALSE,0.0,L:33,R:10925
88642256,78673658,FALSE,0.0,L:173,R:11693
18346724,98172118,FALSE,0.0,L:217,R:609
75098958,71555853,FALSE,0.0,L:234,R:19184
24528866,8315719,FALSE,0.0,L:161,R:15635
14639066,5656114,FALSE,0.0,L:181,R:18550
74877875,45157616,FALSE,0.0,L:51,R:8090
58076544,12109505,FALSE,0.0,L:214,R:1323
46652889,70233715,FALSE,0.0,L:34,R:17618
48035811,48673861,FALSE,0.0,L:239,R:16936
27074490,98484335,FALSE,0.0,L:97,R:16164
30674519,25877530,FALSE,0.0,L:116,R:18546
29985208,56665777,FALSE,0.0,L:130,R:7187
68159,92894304,FALSE,0.0,L:235,R:17256
81356812,64481350,FALSE,0.0,L:183,R:18575
28656579,20991412,FALSE,0.0,L:194,R:17637
47751906,88945662,FALSE,0.0,L:46,R:18033
43938025,12151323,FALSE,0.0,L:134,R:6704
89323553,50121556,FALSE,0.0,L:223,R:19761
6787878,63700148,FALSE,0.0,L:142,R:17459
42514477,56614391,FALSE,0.0,L:31,R:19494
15456949,44210984,FALSE,0.0,L:21,R:11282
18346724,13174650,FALSE,0.0,L:217,R:13370
14639066,28044413,FALSE,0.0,L:181,R:18997
30639668,38674629,FALSE,0.0,L:184,R:3426
80103776,33078108,FALSE,0.0,L:195,R:18963
80103776,544991,FALSE,0.0,L:195,R:5021
69817830,90795718,FALSE,0.0,L:149,R:12453
49590574,43453350,FALSE,0.0,L:75,R:12640
46054102,38696455,FALSE,0.0,L:162,R:11914
25796073,47070583,FALSE,0.0,L:95,R:9353
833754,59006657,FALSE,0.0,L:141,R:15581
73591660,44210984,FALSE,0.0,L:236,R:17880
50944416,25135333,FALSE,0.0,L:64,R:15225
61195551,4486003,FALSE,0.0,L:233,R:12350
42604445,11453264,FALSE,0.0,L:14,R:16087
36984659,58504634,FALSE,0.0,L:199,R:10868
49590574,28304899,FALSE,0.0,L:75,R:18072
74254329,16819736,FALSE,0.0,L:108,R:7169
533407,51143371,FALSE,0.0,L:0,R:2306
98179574,70495926,FALSE,0.0,L:73,R:18881
14768243,53464814,FALSE,0.0,L:58,R:18953
14639066,77819823,FALSE,0.0,L:181,R:12933
35648851,79821099,FALSE,0.0,L:36,R:17773
3420227,27429904,FALSE,0.0,L:124,R:5066
45798790,4541509,FALSE,0.0,L:85,R:7633
84745207,33634874,FALSE,0.0,L:158,R:10727
36868284,61869387,FALSE,0.0,L:6,R:3491
82628958,45941861,FALSE,0.0,L:16,R:11117
89196186,40876435,TRUE,0.0,L:192,R:18195
47751906,47751906,TRUE,0.0,L:46,R:17231
69980659,25768192,TRUE,0.0,L:62,R:14252
25431697,4622555,TRUE,0.0,L:38,R:17449
45840265,63623853,TRUE,0.0,L:247,R:3484
74254329,3133021,TRUE,0.0,L:108,R:5810
73591660,77356650,TRUE,0.0,L:236,R:18162
69980659,69980659,TRUE,0.0,L:62,R:17882
75098958,75098958,TRUE,0.0,L:234,R:15427
833754,833754,TRUE,0.0,L:141,R:1987
50155742,64417774,TRUE,0.0,L:54,R:19167
38552937,38552937,TRUE,0.0,L:246,R:17777
69980659,32885383,TRUE,0.0,L:62,R:1586
77380292,31147017,TRUE,0.0,L:189,R:3961
68830291,15891845,TRUE,0.0,L:76,R:9209
64029523,64029523,TRUE,0.0,L:251,R:13262
10327275,64607522,TRUE,0.0,L:160,R:19087
77005955,68173492,TRUE,0.0,L:170,R:9574
49590574,49590574,TRUE,0.0,L:75,R:18258
1444713,58621168,TRUE,0.0,L:255,R:16126
33078108,33078108,TRUE,0.0,L:60,R:18963
7189592,7189592,TRUE,0.0,L:221,R:9509
97068882,45465228,TRUE,0.0,L:78,R:19782
10548789,24693281,TRUE,0.0,L:71,R:17604
78504458,9691034,TRUE,0.0,L:224,R:19707
97634734,38919022,TRUE,0.0,L:159,R:8227
63047535,37513528,TRUE,0.0,L:196,R:17963
56052842,85241565,TRUE,0.0,L:83,R:18377
50121556,1868178,TRUE,0.0,L:81,R:19546
63431675,8832468,TRUE,0.0,L:201,R:14941
32413380,91016013,FALSE,0.0,L:191,R:7319
25796073,31143310,FALSE,0.0,L:95,R:4206
14639066,25593960,FALSE,0.0,L:181,R:18055
28656579,85463636,FALSE,0.0,L:194,R:18461
45946412,68658257,FALSE,0.0,L:92,R:13408
94512766,56562331,FALSE,0.0,L:185,R:8124
25796073,81408609,FALSE,0.0,L:95,R:19094
38696455,7666864,FALSE,0.0,L:147,R:8596
46980585,1280202,FALSE,0.0,L:77,R:17769
4358136,20125915,FALSE,0.0,L:25,R:14998
67394791,24415437,FALSE,0.0,L:32,R:6867
65569829,47784049,FALSE,0.0,L:112,R:18527
74659398,55268831,FALSE,0.0,L:179,R:16744
52588355,9069903,FALSE,0.0,L:208,R:12641
49678723,58750522,FALSE,0.0,L:132,R:1094
14654897,3285479,FALSE,0.0,L:146,R:19739
62191549,2088790,FALSE,0.0,L:11,R:17855
98193827,24160389,FALSE,0.0,L:72,R:6609
98441367,60706564,FALSE,0.0,L:45,R:6833
46652889,77338417,FALSE,0.0,L:34,R:18759
97374326,87148384,FALSE,0.0,L:182,R:12375
25725051,1585220,FALSE,0.0,L:2,R:16502
97374326,47203248,FALSE,0.0,L:182,R:19330
12014461,11858288,FALSE,0.0,L:150,R:13773
58076544,53451198,FALSE,0.0,L:214,R:18916
28990885,56614391,FALSE,0.0,L:152,R:12821
22286818,28556362,FALSE,0.0,L:145,R:15001
25431697,81870804,FALSE,0.0,L:38,R:5437
84528711,38885854,FALSE,0.0,L:129,R:1183
50121556,87148384,FALSE,0.0,L:81,R:7986
18599997,8583713,FALSE,0.0,L:47,R:5010
92817369,78766879,FALSE,0.0,L:151,R:8919
10298203,4129196,FALSE,0.0,L:171,R:10335
84745207,70877184,FALSE,0.0,L:158,R:15722
48734649,58995490,FALSE,0.0,L:35,R:11736
12541827,3420227,FALSE,0.0,L:238,R:3274
29985208,29201042,FALSE,0.0,L:130,R:19596
17319505,3348619,FALSE,0.0,L:190,R:17193
39417365,57742292,FALSE,0.0,L:53,R:5409
19403571,64417774,FALSE,0.0,L:244,R:19167
34073206,68933016,FALSE,0.0,L:156,R:18503
55645397,29914496,FALSE,0.0,L:90,R:19744
833754,12954856,FALSE,0.0,L:141,R:6043
11620368,52323484,FALSE,0.0,L:126,R:8574
89323553,5717009,FALSE,0.0,L:223,R:18472
92817369,36022457,FALSE,0.0,L:151,R:14246
7189592,56619455,FALSE,0.0,L:221,R:9538
15456949,74461011,FALSE,0.0,L:21,R:7384
6020197,61905253,FALSE,0.0,L:114,R:18912
39417365,80250895,FALSE,0.0,L:53,R:18188
88642256,71710449,FALSE,0.0,L:173,R:19750
1619856,57190868,FALSE,0.0,L:237,R:19193
88642256,18862066,FALSE,0.0,L:173,R:4794
91650188,19614610,FALSE,0.0,L:10,R:13238
24424619,3348619,FALSE,0.0,L:200,R:10378
42480791,77969198,FALSE,0.0,L:210,R:18624
22007806,92484431,FALSE,0.0,L:12,R:1704
97634734,29478614,FALSE,0.0,L:159,R:19216
11564664,24381109,FALSE,0.0,L:165,R:15508
36133874,51115559,FALSE,0.0,L:19,R:13743
75837113,54053670,FALSE,0.0,L:125,R:10185
62807515,95830648,FALSE,0.0,L:61,R:8538
66765162,23491163,FALSE,0.0,L:43,R:17344
24528866,95741314,FALSE,0.0,L:161,R:17542
97634734,55268831,FALSE,0.0,L:159,R:16744
12014461,52804740,FALSE,0.0,L:150,R:14079
3519173,10373250,FALSE,0.0,L:211,R:8836
31504406,21044132,FALSE,0.0,L:87,R:17103
61195551,35328167,FALSE,0.0,L:106,R:10595
45946412,57274568,FALSE,0.0,L:92,R:16538
85223368,35951391,TRUE,0.0,L:63,R:3528
8251649,22887580,TRUE,0.0,L:258,R:6814
38693547,45743235,TRUE,0.0,L:166,R:14933
15698882,53832391,TRUE,0.0,L:174,R:18954
53072167,55624269,TRUE,0.0,L:66,R:18535
68689972,46980585,TRUE,0.0,L:198,R:18466
7189592,95465178,TRUE,0.0,L:221,R:19525
84528711,27166337,TRUE,0.0,L:129,R:18620
42514477,14768243,TRUE,0.0,L:31,R:31
35648851,18381918,TRUE,0.0,L:36,R:19820
81356812,12954856,TRUE,0.0,L:183,R:16411
61195551,22050570,TRUE,0.0,L:106,R:589
3519173,25208197,TRUE,0.0,L:211,R:16857
62191549,22770211,TRUE,0.0,L:11,R:10263
87561830,17912410,TRUE,0.0,L:101,R:17688
50944416,27463855,TRUE,0.0,L:64,R:11973
33078127,14505369,TRUE,0.0,L:167,R:18316
77005955,87935160,TRUE,0.0,L:170,R:17877
35610901,19331727,TRUE,0.0,L:41,R:16174
11178569,24147862,TRUE,0.0,L:13,R:10281
2952392,63713898,TRUE,0.0,L:3,R:13245
36868284,36868284,TRUE,0.0,L:6,R:14432
53832391,52361746,TRUE,0.0,L:148,R:15351
17319505,63386383,TRUE,0.0,L:190,R:12758
8583713,8583713,TRUE,0.0,L:193,R:5010
10357719,82863022,TRUE,0.0,L:209,R:11717
84528711,47200708,TRUE,0.0,L:129,R:19495
31504406,63016126,TRUE,0.0,L:87,R:17308
50011753,17091884,TRUE,0.0,L:119,R:15177
18515586,85636310,TRUE,0.0,L:241,R:16946
11564664,9299426,TRUE,0.0,L:165,R:12737
1444713,1444713,TRUE,0.0,L:255,R:16842
81439789,21617806,TRUE,0.0,L:105,R:15257
56052842,27843837,TRUE,0.0,L:83,R:6556
32639101,32639101,TRUE,0.0,L:84,R:7774
24528866,18785308,FALSE,0.0,L:161,R:16070
19089912,42341716,FALSE,0.0,L:15,R:19559
6020197,81102832,FALSE,0.0,L:114,R:2730
69487298,95568345,FALSE,0.0,L:68,R:19656
19664054,83586247,FALSE,0.0,L:98,R:11081
68689972,64511013,FALSE,0.0,L:198,R:19144
33086446,71710449,FALSE,0.0,L:202,R:5817
42480791,96755227,FALSE,0.0,L:210,R:19624
1644190,9561888,FALSE,0.0,L:172,R:3339
21171296,59928566,FALSE,0.0,L:29,R:18238
88727182,63713898,FALSE,0.0,L:28,R:15228
57534412,40116448,FALSE,0.0,L:253,R:11915
8583713,10457886,FALSE,0.0,L:193,R:1707
11620368,39882549,FALSE,0.0,L:126,R:12908
57619335,65913287,FALSE,0.0,L:30,R:14905
79636420,61156253,FALSE,0.0,L:118,R:14897
36133874,10607451,FALSE,0.0,L:19,R:1842
57534412,46054102,FALSE,0.0,L:253,R:5397
6020197,61964427,FALSE,0.0,L:114,R:19182
81356812,3495669,FALSE,0.0,L:183,R:7235
38003960,1741624,FALSE,0.0,L:169,R:10749
4537109,16819736,FALSE,0.0,L:245,R:363
97374326,35793904,FALSE,0.0,L:182,R:19436
78673658,93033786,FALSE,0.0,L:107,R:19295
11564664,65414213,FALSE,0.0,L:165,R:17696
12541827,15891845,FALSE,0.0,L:238,R:15912
65260514,88440346,FALSE,0.0,L:86,R:13271
15698882,47251006,FALSE,0.0,L:174,R:18446
14639066,3447561,FALSE,0.0,L:181,R:15773
69912633,1336630,FALSE,0.0,L:250,R:19566
65260514,70238570,FALSE,0.0,L:86,R:10349
38696455,75384375,FALSE,0.0,L:147,R:4524
46980585,45551590,FALSE,0.0,L:77,R:16581
58076544,41902860,FALSE,0.0,L:214,R:18601
38552937,56459937,FALSE,0.0,L:246,R:18147
68689972,94043136,FALSE,0.0,L:198,R:12718
64016107,22000442,FALSE,0.0,L:69,R:14648
3335799,23327520,FALSE,0.0,L:52,R:16363
8251649,28129178,FALSE,0.0,L:258,R:10037
87561830,23259789,FALSE,0.0,L:101,R:8742
84745207,29914496,FALSE,0.0,L:158,R:1450
42604445,24580765,FALSE,0.0,L:14,R:15245
64029523,66582202,FALSE,0.0,L:251,R:19310
61786686,54536046,FALSE,0.0,L:164,R:19657
48035811,80151344,FALSE,0.0,L:239,R:13473
77380292,80927616,FALSE,0.0,L:189,R:18937
57619335,42779659,FALSE,0.0,L:30,R:18781
63047535,54584667,FALSE,0.0,L:196,R:19730
25376043,47317909,FALSE,0.0,L:225,R:15122
38447746,50532201,FALSE,0.0,L:131,R:18180
67394791,36469366,FALSE,0.0,L:205,R:12983
81524454,16669097,FALSE,0.0,L:136,R:4691
96845495,52024859,FALSE,0.0,L:99,R:19402
33086446,1741624,FALSE,0.0,L:202,R:10749
25431697,833754,FALSE,0.0,L:38,R:1987
91650188,55185097,FALSE,0.0,L:10,R:8122
38552937,30141859,FALSE,0.0,L:246,R:4436
25796073,18289538,FALSE,0.0,L:95,R:1624
83592973,75320406,FALSE,0.0,L:180,R:17275
66680332,86882966,FALSE,0.0,L:143,R:17081
81356812,833754,FALSE,0.0,L:183,R:1987
25431697,88829158,FALSE,0.0,L:38,R:15262
73591660,29685693,FALSE,0.0,L:236,R:18862
82628958,70324505,FALSE,0.0,L:16,R:14757
21120329,1515409,FALSE,0.0,L:176,R:1562
89928975,70665219,TRUE,0.7360389828681946,L:284,R:668
18339479,78223883,FALSE,0.7455784678459167,L:3284,R:13651
36967853,24560720,FALSE,0.6906647682189941,L:330,R:3054
3463117,58750522,TRUE,0.7677526473999023,L:876,R:3639
18289538,68228175,FALSE,0.1536562442779541,L:17616,R:930
36967853,96502370,TRUE,0.7943912744522095,L:330,R:3429
18339479,76657775,FALSE,0.7105017900466919,L:3284,R:6480
36967853,3775981,TRUE,0.7270198464393616,L:330,R:16252
50809231,22194288,FALSE,0.247850239276886,L:14098,R:8022
40061039,75582659,FALSE,0.1742035150527954,L:6651,R:1874
36967853,3664323,FALSE,0.6881847381591797,L:330,R:18780
4314913,17007886,TRUE,0.8139434456825256,L:3781,R:17788
18339479,27463855,FALSE,0.7040866613388062,L:3284,R:17583
18339479,96544130,FALSE,0.7160485982894897,L:3284,R:18793
36967853,71987212,TRUE,0.8092253804206848,L:330,R:6754
76865701,67064392,FALSE,0.1249270811676979,L:3209,R:5999
60641225,74638206,FALSE,0.2228072136640548,L:16964,R:16721
18339479,86382104,FALSE,0.7529440522193909,L:3284,R:3559
40061039,23802255,FALSE,0.2121521085500717,L:6651,R:6135
37927610,41528118,FALSE,0.2169498056173324,L:18474,R:19148
