custom_id,id
right-0,1303201646
right-1,1303430936
right-2,1307468511
right-3,1308448637
right-4,1309241824
right-5,1311812490
right-6,1312624568
right-7,1312695287
right-8,1312695288
right-9,1312695289
right-10,1312745457
right-11,1314231362
right-12,1316058420
right-13,1316359671
right-14,1319806029
right-15,1319922652
right-16,1319944337
right-17,1321357861
right-18,1321408657
right-19,1323918225
right-20,1326216330
right-21,1328713617
right-22,1328713619
right-23,1328713622
right-24,1328788548
right-25,1342784224
right-26,1347372944
right-27,1362837704
right-28,1363173810
right-29,1367649624
right-30,1371694057
right-31,1371718514
right-32,1372177825
right-33,1372217103
right-34,1372218700
right-35,1372294496
right-36,1372373989
right-37,1372588614
right-38,1372588619
right-39,1374712417
right-40,1374772535
right-41,1374772548
right-42,1375120467
right-43,1386632246
right-44,1386633186
right-45,1386633953
right-46,1386747994
right-47,1386808105
right-48,1386808107
right-49,1386897128
right-50,1388947018
right-51,1393977541
right-52,1393978200
right-53,1395111624
right-54,1398310597
right-55,1398398832
right-56,1398443058
right-57,1398443071
right-58,1398443073
right-59,1401968112
right-60,1401982553
right-61,1403947435
right-62,1404137062
right-63,1405887368
right-64,1406106476
right-65,1406235976
right-66,1406235978
right-67,1406235989
right-68,1407849917
right-69,1407881754
right-70,1407999902
right-71,1408001715
right-72,1410115762
right-73,1413796357
right-74,1415447847
right-75,1415467156
right-76,1415545298
right-77,1415628286
right-78,1416247746
right-79,1416693660
right-80,1417066102
right-81,1418561107
right-82,1423045742
right-83,1423045743
right-84,1423045779
right-85,1425270018
right-86,1425295476
right-87,1426825589
right-88,1431853400
right-89,1431894875
right-90,1431949914
right-91,1436270884
right-92,1436449644
right-93,1438125067
right-94,1438438538
right-95,1438441441
right-96,1438441444
right-97,1438483240
right-98,1440628586
right-99,1442850153
right-100,1448567757
right-101,1451127428
right-102,1451127434
right-103,1451166870
right-104,1453376890
right-105,1453485189
right-106,1453547584
right-107,1456853899
right-108,1457325177
right-109,1459444756
right-110,1470301112
right-111,1472057117
right-112,1473934808
right-113,1473942169
right-114,1474870492
right-115,1477105885
right-116,1477105886
right-117,1477156406
right-118,1477186647
right-119,1477220408
right-120,1477220885
right-121,1483045595
right-122,1485299217
right-123,1485299218
right-124,1485299219
right-125,1485299220
right-126,1485299239
right-127,1485299240
right-128,1485299241
right-129,1485299243
right-130,1485299245
right-131,1485299247
right-132,1485299248
right-133,1485299444
right-134,1485299445
right-135,1485299446
right-136,1485299449
right-137,1485299451
right-138,1485411247
right-139,1487676876
right-140,1487707753
right-141,1487880538
right-142,1487880539
right-143,1487880540
right-144,1487880543
right-145,1487880544
right-146,1487880546
right-147,1487880548
right-148,1487880754
right-149,1487880755
right-150,1491915032
right-151,1491916439
right-152,1492219642
right-153,1492219643
right-154,1492492958
right-155,1496035084
right-156,1497880313
right-157,1497954995
right-158,1501443917
right-159,1502384801
right-160,1502427962
right-161,1502428540
right-162,1502507148
right-163,1504287585
right-164,1507395577
right-165,1512669752
right-166,1512838165
right-167,1513585151
right-168,1515389498
right-169,1517666904
right-170,1519767250
right-171,1520178537
right-172,1521394241
right-173,1521944403
right-174,1528447635
right-175,1528865186
right-176,1531477087
right-177,1533602348
right-178,1535643591
right-179,1537424401
right-180,1537664509
right-181,1541807088
right-182,1547994830
right-183,1548025566
right-184,1550873886
right-185,1557919756
right-186,1558134955
right-187,1560565954
right-188,1562219641
right-189,1564005555
right-190,1565912494
right-191,1566755916
right-192,1567852432
right-193,1570945860
right-194,1570948565
right-195,1574873794
right-196,1574874087
right-197,1577232714
right-198,1577232715
right-199,1579093331
right-200,1587484689
right-201,1590545992
right-202,1590604298
right-203,1592247796
right-204,1592252801
right-205,1594483265
right-206,1600167362
right-207,1602387395
right-208,1611432328
right-209,1616325420
right-210,1621058425
right-211,1623405477
right-212,1623440251
right-213,1627334775
right-214,1627738213
right-215,1628142292
right-216,1628164902
right-217,1628226865
right-218,1631012886
right-219,1633578762
right-220,1633578764
right-221,1635692869
right-222,1637139251
right-223,1637581644
right-224,1638012487
right-225,1638856747
right-226,1639133689
right-227,1639149393
right-228,1639157122
right-229,1639247978
right-230,1639286510
right-231,1639330963
right-232,1639359122
right-233,1639373514
right-234,1639377480
right-235,1639390814
right-236,1639398444
right-237,1639832922
right-238,1640340946
right-239,1640352892
right-240,1640354605
right-241,1641739489
right-242,1642705860
right-243,1643777082
right-244,1644323155
right-245,1644614826
right-246,1645442426
right-247,1645442429
right-248,1646111779
right-249,1646144729
right-250,1646206674
right-251,1646206864
right-252,1649262399
right-253,1650164524
right-254,1650171815
right-255,1653767159
right-256,1653769352
right-257,1653769508
right-258,1653957752
right-259,1657111783
right-260,1657111787
right-261,1658226795
right-262,1659829427
right-263,1661031982
right-264,1664327854
right-265,1665889435
right-266,1665941990
right-267,1671426825
right-268,1672066227
right-269,1674209817
right-270,1678529750
right-271,1682104352
right-272,1684789889
right-273,1685036582
right-274,1688734436
right-275,1688734438
right-276,1688741199
right-277,1688741201
right-278,1688741202
right-279,1688824936
right-280,1690473008
right-281,1693960182
right-282,1693960748
right-283,1694379811
right-284,1694379812
right-285,1695721912
right-286,1696095096
right-287,1696311705
right-288,1696438060
right-289,1699925615
right-290,1701262215
right-291,1701333847
right-292,1701333850
right-293,1701333851
right-294,1701333912
right-295,1701333914
right-296,1701333922
right-297,1701333924
right-298,1701333925
right-299,1701333926
right-300,1701535671
right-301,1709057137
right-302,1709819014
right-303,1709891455
right-304,1710080372
right-305,1711665474
right-306,1711729144
right-307,1711768137
right-308,1711777849
right-309,1711852573
right-310,1711866010
right-311,1711900581
right-312,1712006250
right-313,1712027392
right-314,1712054163
right-315,1712058009
right-316,1712613671
right-317,1716032791
right-318,1716251977
right-319,1716274058
right-320,1718471304
right-321,1721805811
right-322,1723211542
right-323,1723452431
right-324,1728174549
right-325,1730134275
right-326,1730468871
right-327,1730507563
right-328,1730880263
right-329,1737790248
right-330,1741924462
right-331,1741989428
right-332,1742701267
right-333,1742729603
right-334,1742729606
right-335,1742740148
right-336,1743158951
right-337,1743158953
right-338,1746297460
right-339,1746426029
right-340,1746636618
right-341,1748267402
right-342,1748267407
right-343,1751360829
right-344,1751364879
right-345,1751364882
right-346,1751364883
right-347,1751364884
right-348,1751364885
right-349,1751364887
right-350,1751364888
right-351,1751365895
right-352,1752646423
right-353,1752647304
right-354,1752659402
right-355,1752676042
right-356,1752676993
right-357,1752722693
right-358,1752842760
right-359,1752971461
right-360,1759201718
right-361,1759203713
right-362,1759205074
right-363,1759205079
right-364,1759667553
right-365,1759667554
right-366,1759680941
right-367,1760201040
right-368,1760226057
right-369,1760526319
right-370,1760643058
right-371,1760643060
right-372,1761176598
right-373,1765965271
right-374,1767409355
right-375,1769082504
right-376,1769565148
right-377,1772705113
right-378,1772705117
right-379,1773006970
right-380,1774708344
right-381,1774764511
right-382,1774786477
right-383,1774799298
right-384,1778061008
right-385,1778951127
right-386,1778957439
right-387,1778967707
right-388,1780678934
right-389,1780678935
right-390,1782303951
right-391,1782335827
right-392,1782354291
right-393,1782357782
right-394,1782375465
right-395,1782375467
right-396,1783888644
right-397,1783912354
right-398,1784909778
right-399,1784909779
right-400,1785129512
right-401,1785327072
right-402,1785937268
right-403,1787078963
right-404,1788281024
right-405,1790501901
right-406,1792826490
right-407,1793751058
right-408,1798738808
right-409,1798789869
right-410,1799390134
right-411,1801835590
right-412,1802065720
right-413,1802105300
right-414,1802116204
right-415,1802121222
right-416,1802149447
right-417,1802184127
right-418,1802211277
right-419,1802214222
right-420,1802218293
right-421,1802221687
right-422,1802495802
right-423,1802604113
right-424,1802701023
right-425,1802928963
right-426,1806544660
right-427,1806544662
right-428,1807331672
right-429,1808311320
right-430,1811606479
right-431,1811606489
right-432,1813034413
right-433,1813056496
right-434,1815384821
right-435,1816515146
right-436,1816847725
right-437,1816929342
right-438,1816941456
right-439,1816964181
right-440,1817443174
right-441,1817644740
right-442,1817930608
right-443,1818747488
right-444,1822241547
right-445,1822241549
right-446,1822272226
right-447,1823372268
right-448,1833064067
right-449,1833092881
right-450,1833670521
right-451,1835573063
right-452,1838154102
right-453,1840325072
right-454,1840538109
right-455,1845023028
right-456,1845153102
right-457,1847605071
right-458,1847640790
right-459,1847649330
right-460,1847712017
right-461,1847751521
right-462,1848034697
right-463,1848128267
right-464,1848143080
right-465,1848719316
right-466,1849136418
right-467,1854833400
right-468,1858585240
right-469,1858936382
right-470,1859026894
right-471,1859086881
right-472,1864222975
right-473,1864628166
right-474,1866868377
right-475,1867261357
right-476,1867261584
right-477,1867285998
right-478,1867286717
right-479,1867444341
right-480,1871793001
right-481,1876016089
right-482,1876162365
right-483,1877723541
right-484,1882915934
right-485,1898279309
right-486,1898757736
right-487,1909625552
right-488,1910062627
right-489,1920508153
right-490,1920508155
right-491,1920564542
right-492,1929021159
right-493,1929601246
right-494,1941659820
right-495,1946464415
right-496,1946470585
right-497,1946824969
right-498,1951128955
right-499,1951156656
right-500,1951176331
right-501,1951195150
right-502,1952579766
right-503,1955038585
right-504,1955390482
right-505,1961631538
right-506,1962074579
right-507,1962151257
right-508,1962389286
right-509,1965672170
right-510,1966173818
right-511,1973489060
right-512,1974827523
right-513,1982618272
right-514,1983240437
right-515,1989668309
right-516,2003022402
right-517,2003336437
right-518,2004447349
right-519,2004650934
right-520,2005647218
right-521,2007770775
right-522,2007804206
right-523,2007847537
right-524,2007934907
right-525,2008680552
right-526,2010192276
right-527,2010431034
right-528,2010699361
right-529,2010932554
right-530,2011251237
right-531,2012428498
right-532,2012443116
right-533,2012448159
right-534,2016174784
right-535,2016175749
right-536,2016429648
right-537,2020013764
right-538,2024265127
right-539,2024992997
right-540,2026601095
right-541,2027619607
right-542,2027619612
right-543,2027620502
right-544,2027708211
right-545,2027838804
right-546,2027890207
right-547,2027929598
right-548,2027930795
right-549,2028065932
right-550,2028075264
right-551,2028115132
right-552,2028787431
right-553,2032526728
right-554,2032951314
right-555,2033741879
right-556,2033743926
right-557,2034788346
right-558,2038238076
right-559,2038238109
right-560,2038238110
right-561,2038238117
right-562,2039429413
right-563,2040285671
right-564,2041675891
right-565,2043683805
right-566,2044195474
right-567,2044195515
right-568,2044315789
right-569,2045215940
right-570,2047161418
right-571,2050584550
right-572,2050643800
right-573,2050760324
right-574,2050891952
right-575,2051317677
right-576,2052198292
right-577,2052409902
right-578,2053116658
right-579,2053453127
right-580,2053551101
right-581,2053553978
right-582,2053628131
right-583,2053826326
right-584,2054593355
right-585,2054744003
right-586,2054747787
right-587,2054752235
right-588,2054781181
right-589,2054781183
right-590,2054781193
right-591,2054816186
right-592,2054841626
right-593,2055014165
right-594,2055060020
right-595,2055255869
right-596,2055258441
right-597,2055282594
right-598,2055370314
right-599,2055370321
right-600,2055380698
right-601,2055387196
right-602,2055393443
right-603,2055437333
right-604,2055575391
right-605,2055608440
right-606,2055633495
right-607,2055807738
right-608,2055834216
right-609,2055837569
right-610,2055873307
right-611,2055878958
right-612,2055878959
right-613,2055897127
right-614,2055932290
right-615,2055932624
right-616,2055948492
right-617,2055972786
right-618,2056021893
right-619,2056048535
right-620,2056077598
right-621,2056108771
right-622,2056141622
right-623,2056243161
right-624,2056475259
right-625,2056503297
right-626,2056585875
right-627,2056589113
right-628,2056607674
right-629,2056662276
right-630,2056662278
right-631,2056703783
right-632,2056796206
right-633,2056796789
right-634,2056849739
right-635,2056918041
right-636,2056961953
right-637,2056965118
right-638,2056974209
right-639,2057051387
right-640,2057078854
right-641,2057078855
right-642,2057078857
right-643,2057078858
right-644,2057078859
right-645,2057078881
right-646,2057078882
right-647,2057086220
right-648,2057097443
right-649,2057101327
right-650,2057122702
right-651,2057122706
right-652,2057137359
right-653,2057142188
right-654,2057143127
right-655,2057150126
right-656,2057150784
right-657,2057162837
right-658,2057209037
right-659,2057234743
right-660,2057337664
right-661,2057339212
right-662,2057352546
right-663,2057413576
right-664,2057429026
right-665,2057452975
right-666,2057493335
right-667,2057494022
right-668,2057496689
right-669,2057506159
right-670,2057529489
right-671,2057638769
right-672,2057643160
right-673,2057644497
right-674,2057644498
right-675,2057667662
right-676,2057694675
right-677,2057706385
right-678,2057732533
right-679,2057735712
right-680,2057811649
right-681,2058038834
right-682,2058069498
right-683,2058128859
right-684,2058132898
right-685,2058148983
right-686,2058191303
right-687,2058249884
right-688,2058345018
right-689,2058389585
right-690,2058443962
right-691,2058475066
right-692,2058487509
right-693,2058493645
right-694,2058561034
right-695,2058561054
right-696,2058564331
right-697,2058593750
right-698,2058670200
right-699,2058823419
right-700,2058849144
right-701,2058953035
right-702,2058953443
right-703,2059067386
right-704,2059081839
right-705,2059184097
right-706,2059376459
right-707,2059376505
right-708,2059400382
right-709,2059479208
right-710,2059581715
right-711,2059583984
right-712,2059589815
right-713,2059924868
right-714,2059925265
right-715,2060097325
right-716,2060097326
right-717,2060097330
right-718,2060107589
right-719,2060185511
right-720,2060185514
right-721,2060185518
right-722,2060201788
right-723,2060253226
right-724,2060384985
right-725,2060512716
right-726,2060563914
right-727,2060563928
right-728,2060563972
right-729,2061022169
right-730,2061022184
right-731,2061022201
right-732,2061111026
right-733,2061136370
right-734,2061177209
right-735,2061299092
right-736,2061311891
right-737,2061442069
right-738,2061484014
right-739,2061487045
right-740,2061623251
right-741,2061709650
right-742,2061712595
right-743,2062045929
right-744,2062075977
right-745,2062075980
right-746,2062288728
right-747,2062342183
right-748,2062736546
right-749,2062764471
right-750,2062766088
right-751,2062766801
right-752,2062770841
right-753,2062778116
right-754,2062804731
right-755,2062867086
right-756,2062867476
right-757,2062902494
right-758,2062908492
right-759,2062915226
right-760,2063327692
right-761,2063552182
right-762,2063560635
right-763,2063588764
right-764,2063588766
right-765,2063589630
right-766,2063717698
right-767,2063773752
right-768,2063829245
right-769,2063862552
right-770,2063874548
right-771,2063874552
right-772,2063888246
right-773,2063888248
right-774,2063920896
right-775,2063935446
right-776,2063941641
right-777,2063941816
right-778,2063941817
right-779,2063941818
right-780,2063961122
right-781,2063961132
right-782,2064001050
right-783,2064046693
right-784,2064228838
right-785,2064229512
right-786,2064232635
right-787,2064232705
right-788,2064248002
right-789,2064433694
right-790,2064477766
right-791,2064651676
right-792,2064845640
right-793,2065024106
right-794,2065201190
right-795,2065352152
right-796,2065354050
right-797,2065643741
right-798,2065673478
right-799,2065924781
right-800,2066101347
right-801,2066237450
right-802,2066507471
right-803,2066507472
right-804,2066509479
right-805,2066519837
right-806,2066520072
right-807,2066539818
right-808,2066608228
right-809,2066608229
right-810,2066608231
right-811,2066608233
right-812,2066608625
right-813,2066608627
right-814,2066608628
right-815,2066611159
right-816,2066611160
right-817,2066624968
right-818,2066624970
right-819,2066624972
right-820,2066624973
right-821,2066624974
right-822,2066624975
right-823,2066624980
right-824,2066624981
right-825,2066625311
right-826,2066649584
right-827,2066888331
right-828,2066988745
right-829,2067007960
right-830,2067377960
right-831,2067590404
right-832,2068623358
right-833,2068742136
right-834,2068743068
right-835,2068747720
right-836,2068812827
right-837,2068847065
right-838,2068945569
right-839,2069000506
right-840,2069372393
right-841,2069706347
right-842,2069730649
right-843,2069903036
right-844,2070010941
right-845,2070012661
right-846,2070030589
right-847,2070173628
right-848,2070417877
right-849,2070908192
right-850,2070908196
right-851,2070908197
right-852,2071747028
right-853,2071786418
right-854,2071884719
right-855,2071913667
right-856,2071962865
right-857,2072211676
right-858,2072223849
right-859,2073370744
right-860,2073950415
right-861,2074056515
right-862,2074381365
right-863,2074389848
right-864,2074460200
right-865,2074525927
right-866,2074538866
right-867,2074582246
right-868,2075124591
right-869,2075239020
right-870,2075240892
right-871,2075256567
right-872,2075302660
right-873,2075414111
right-874,2075626414
right-875,2075874383
right-876,2075914534
right-877,2075941244
right-878,2075941245
right-879,2075941247
right-880,2075999133
right-881,2076111691
right-882,2076233621
right-883,2077144360
right-884,2077145295
right-885,2078186295
right-886,2078220982
right-887,2078337749
right-888,2078536023
right-889,2079132902
right-890,2079315304
right-891,2079339529
right-892,2079354381
right-893,2079580923
right-894,2080616864
right-895,2080654117
right-896,2080713606
right-897,2081742254
right-898,2082034339
right-899,2082042841
right-900,2084378018
right-901,2085225568
right-902,2085242755
right-903,2087018293
right-904,2091245196
right-905,2092389545
right-906,2092510814
right-907,2092791312
right-908,2092791323
right-909,2092942128
right-910,2095769676
right-911,2097859278
right-912,2098502428
right-913,2106379730
right-914,2111162993
right-915,2111230146
right-916,2111233928
right-917,2111494388
right-918,2111586496
right-919,2111840166
right-920,2112188184
right-921,2112434920
right-922,2113129602
right-923,2113276737
right-924,2113509084
right-925,2113512121
right-926,2113753096
right-927,2113760999
right-928,2113901931
right-929,2114036125
right-930,2114134923
right-931,2114283416
right-932,2114341514
right-933,2114487398
right-934,2114694828
right-935,2114975127
right-936,2115013362
right-937,2115312686
right-938,2115619991
right-939,2116203641
right-940,2117548022
right-941,2117948761
right-942,2117967628
right-943,2117967630
right-944,2118242909
right-945,2118279790
right-946,2118541946
right-947,2118582280
right-948,2118636975
right-949,2118655560
right-950,2118677727
right-951,2119039185
right-952,2119039192
right-953,2119162513
right-954,2119341098
right-955,2119341100
right-956,2119341101
right-957,2119341102
right-958,2119341107
right-959,2119341109
right-960,2119341110
right-961,2119443297
right-962,2119447541
right-963,2120323979
right-964,2120323997
right-965,2120323998
right-966,2120324001
right-967,2120362064
right-968,2120402066
right-969,2120438245
right-970,2120685938
right-971,2120929351
right-972,2121152980
right-973,2123010516
right-974,2123010521
right-975,2124415240
right-976,2133497449
right-977,2133663760
right-978,2133881278
right-979,2134510956
right-980,2135149041
right-981,2135149054
right-982,2135149119
right-983,2136632815
right-984,2136847227
right-985,2137007979
right-986,2138725588
right-987,2140801566
right-988,2140938682
right-989,2142515439
right-990,2144706807
right-991,2146061466
right-992,2146119221
right-993,2146475582
right-994,2146650911
right-995,2148153592
right-996,2149566181
right-997,2149741684
right-998,2154491220
right-999,2154734767
right-1000,2154956092
right-1001,2161909770
right-1002,2163102441
right-1003,2163844083
right-1004,2164247135
right-1005,2164268194
right-1006,2168024759
right-1007,2168049650
right-1008,2168053327
right-1009,2168053392
right-1010,2168053481
right-1011,2169220658
right-1012,2179798413
right-1013,2182757297
right-1014,2190748946
right-1015,2202311541
right-1016,2206446383
right-1017,2224193149
right-1018,2234617577
right-1019,2247165276
right-1020,2254264382
right-1021,2270062912
right-1022,2272685488
right-1023,2273790508
right-1024,2276067632
right-1025,2277829162
right-1026,2280334878
right-1027,2290539463
right-1028,2293432780
right-1029,2293432801
right-1030,2296335306
right-1031,2296493468
right-1032,2296573730
right-1033,2296587357
right-1034,2297068054
right-1035,2299315585
right-1036,2300035542
right-1037,2301287911
right-1038,2302618769
right-1039,2314329497
right-1040,2314360284
right-1041,2314431580
right-1042,2316177955
right-1043,2325153881
right-1044,2329543699
right-1045,2332607900
right-1046,2332755780
right-1047,2336660279
right-1048,2336660280
right-1049,2336736568
right-1050,2344335278
right-1051,2355665561
right-1052,2355972588
right-1053,2376270142
right-1054,2455284530
right-1055,2455667299
right-1056,2521238898
right-1057,2550544292
right-1058,2598922108
right-1059,2602310985
right-1060,2614339323
right-1061,2625038642
right-1062,2631411093
right-1063,2634784317
right-1064,2665980518
right-1065,2670145489
right-1066,2713470075
right-1067,2720191918
right-1068,2723629064
right-1069,2744286687
right-1070,2744744311
right-1071,2756868363
right-1072,2756903470
right-1073,2853466182
right-1074,2873066846
right-1075,2873066884
right-1076,2909716410
right-1077,2938335213
right-1078,2977766885
right-1079,2991968663
right-1080,2992173515
right-1081,3016822000
right-1082,3030341661
right-1083,3031385405
right-1084,3033453446
right-1085,3033453449
right-1086,3036767120
right-1087,3040367814
right-1088,3040367823
right-1089,3042620191
right-1090,3043146682
right-1091,3043740003
right-1092,3043822264
right-1093,3044025040
right-1094,3044365509
right-1095,3044851637
right-1096,3044853635
right-1097,3044859259
right-1098,3045310388
right-1099,3045575930
right-1100,3046397488
right-1101,3046482118
right-1102,3046499067
right-1103,3046513034
right-1104,3046516904
right-1105,3046520911
right-1106,3046729281
right-1107,3046770596
right-1108,3048645976
right-1109,3048645977
right-1110,3048646023
right-1111,3048646082
right-1112,3049049374
right-1113,3049350218
right-1114,3049449615
right-1115,3049961545
right-1116,3050038295
right-1117,3050050725
right-1118,3052944481
right-1119,3053961277
right-1120,3054548060
right-1121,3054671141
right-1122,3054686790
right-1123,3055391067
right-1124,3055538941
right-1125,3056028739
right-1126,3056507220
right-1127,3059592823
right-1128,3059787759
right-1129,3059787781
right-1130,3060182218
right-1131,3063019416
right-1132,3067096710
right-1133,3068165093
right-1134,3068485945
right-1135,3074345351
right-1136,3077834140
right-1137,3077861621
right-1138,3078414192
right-1139,3079536438
right-1140,3079539810
right-1141,3081984950
right-1142,3082058138
right-1143,3082138667
right-1144,3083899494
right-1145,3087053501
right-1146,3087065427
right-1147,3088759993
right-1148,3093841450
right-1149,3101640986
right-1150,3108620422
right-1151,3120630195
right-1152,3200372196
right-1153,3202464104
right-1154,3202508333
right-1155,3202641160
right-1156,3204907291
right-1157,3208576491
right-1158,3210163451
right-1159,3210163455
right-1160,3214249593
right-1161,3214249596
right-1162,3216324439
right-1163,3227251916
right-1164,3227376490
right-1165,3228760133
right-1166,3230632753
right-1167,3230703164
right-1168,3235677164
right-1169,3235715320
right-1170,3235769640
right-1171,3235776343
right-1172,3235795680
right-1173,3235822433
right-1174,3235823355
right-1175,3235888711
right-1176,3235935177
right-1177,3236403593
right-1178,3237014442
right-1179,3237025319
right-1180,3237101859
right-1181,3239983356
right-1182,3244060057
right-1183,3244737739
right-1184,3245544522
right-1185,3245634417
right-1186,3249295277
right-1187,3249295278
right-1188,3249295279
right-1189,3249295280
right-1190,3256961937
right-1191,3266352259
right-1192,3267338674
right-1193,3267338675
right-1194,3267792927
right-1195,3267793376
right-1196,3267793378
right-1197,3267793937
right-1198,3271713292
right-1199,3271713295
right-1200,3271713296
right-1201,3280144421
right-1202,3281942992
right-1203,3285314899
right-1204,3289104833
right-1205,3290167726
right-1206,3290843988
right-1207,3293924545
right-1208,3294968865
right-1209,3299599421
right-1210,3303541189
right-1211,3304467506
right-1212,3309721567
right-1213,3309722220
right-1214,3317763126
right-1215,3318391427
right-1216,3336650219
right-1217,3339378817
right-1218,3339693716
right-1219,3339728138
right-1220,3340112076
right-1221,3343017177
right-1222,3347481917
right-1223,3354341389
right-1224,3361906432
right-1225,3363370345
right-1226,3363370353
right-1227,3363370392
right-1228,3363371440
right-1229,3363371451
right-1230,3365825691
right-1231,3367744138
right-1232,3370547994
right-1233,3373191127
right-1234,3385525757
right-1235,3388669385
right-1236,3391531422
right-1237,3392381010
right-1238,3392381011
right-1239,3395420110
right-1240,3397958041
right-1241,3397958042
right-1242,3400271490
right-1243,3403917033
right-1244,3403976705
right-1245,3403976708
right-1246,3404019551
right-1247,3404019554
right-1248,3404019592
right-1249,3404019610
right-1250,3404026632
right-1251,3404222474
right-1252,3404222475
right-1253,3404222477
right-1254,3404222478
right-1255,3404222479
right-1256,3404236865
right-1257,3404246289
right-1258,3404246290
right-1259,3404246293
right-1260,3404250548
right-1261,3404644390
right-1262,3409249156
right-1263,3416435522
right-1264,3417659678
right-1265,3418808416
right-1266,3419378135
right-1267,3419403959
right-1268,3419433581
right-1269,3419657611
right-1270,3422513082
right-1271,3422941950
right-1272,3423468664
right-1273,3423833175
right-1274,3427389942
right-1275,3427390035
right-1276,3428061336
right-1277,3431787498
right-1278,3438816692
right-1279,3438816701
right-1280,3439204535
right-1281,3441006969
right-1282,3441006979
right-1283,3441009973
right-1284,3441009978
right-1285,3444189038
right-1286,3452114177
right-1287,3452898090
right-1288,3462576162
right-1289,3467124014
right-1290,3468099011
right-1291,3470212252
right-1292,3479485986
right-1293,3479488009
right-1294,3485072214
right-1295,3485283986
right-1296,3487984219
right-1297,3489875333
right-1298,3490539439
right-1299,3492186199
right-1300,3492558857
right-1301,3495153343
right-1302,3501285885
right-1303,3502505322
right-1304,3503046001
right-1305,3506605249
right-1306,3507037385
right-1307,3507866900
right-1308,3508578447
right-1309,3508579022
right-1310,3508697475
right-1311,3509258338
right-1312,3510214671
right-1313,3515389903
right-1314,3515609948
right-1315,3520359350
right-1316,3522764435
right-1317,3525845999
right-1318,3525846002
right-1319,3526079887
right-1320,3529095384
right-1321,3531819893
right-1322,3532144993
right-1323,3551171056
right-1324,3551794651
right-1325,3555158578
right-1326,3557197892
right-1327,3558421108
right-1328,3560844585
right-1329,3565033800
right-1330,3567453061
right-1331,3570187115
right-1332,3576237842
right-1333,3580871898
right-1334,3581592661
right-1335,3581735945
right-1336,3581747541
right-1337,3581753342
right-1338,3582182305
right-1339,3582656562
right-1340,3582770686
right-1341,3589697774
right-1342,3591612064
right-1343,3591652360
right-1344,3594302155
right-1345,3594647534
right-1346,3598854563
right-1347,3602531587
right-1348,3608770100
right-1349,3615593579
right-1350,3615593610
right-1351,3626222899
right-1352,3626237468
right-1353,3629081901
right-1354,3629270939
right-1355,3629621643
right-1356,3629621695
right-1357,3632866005
right-1358,3632891899
right-1359,3633007390
right-1360,3633082639
right-1361,3633186148
right-1362,3633186151
right-1363,3633186153
right-1364,3633303395
right-1365,3633425174
right-1366,3633641671
right-1367,3633654983
right-1368,3633736951
right-1369,3636206032
right-1370,3636290105
right-1371,3636290107
right-1372,3637033902
right-1373,3642422898
right-1374,3645501595
right-1375,3648576428
right-1376,3651289412
right-1377,3651289414
right-1378,3656222485
right-1379,3659836997
right-1380,3660632663
right-1381,3663403695
right-1382,3672020303
right-1383,3682437710
right-1384,3689646175
right-1385,3689646177
right-1386,3689750992
right-1387,3690126262
right-1388,3691000538
right-1389,3702693938
right-1390,3708548775
right-1391,3708915597
right-1392,3709181864
right-1393,3709654385
right-1394,3711107519
right-1395,3713676488
right-1396,3715764048
right-1397,3718341970
right-1398,3718595970
right-1399,3718781647
right-1400,3722258918
right-1401,3723581708
right-1402,3725874615
right-1403,3725874618
right-1404,3725874620
right-1405,3727491042
right-1406,3727491058
right-1407,3727650741
right-1408,3727650747
right-1409,3728594582
right-1410,3733352728
right-1411,3734658670
right-1412,3735611396
right-1413,3738779792
right-1414,3738934483
right-1415,3747075152
right-1416,3747287828
right-1417,3747958727
right-1418,3749873906
right-1419,3750171200
right-1420,3754154840
right-1421,3754155310
right-1422,3754370741
right-1423,3755512488
right-1424,3756476290
right-1425,3756476291
right-1426,3756476292
right-1427,3756476296
right-1428,3756476303
right-1429,3756476325
right-1430,3758519837
right-1431,3761200901
right-1432,3761703065
right-1433,3761929765
right-1434,3762674852
right-1435,3767059400
right-1436,3767518285
right-1437,3768335626
right-1438,3773033938
right-1439,3773827276
right-1440,3774581522
right-1441,3776232540
right-1442,3776237058
right-1443,3778010484
right-1444,3779385154
right-1445,3782209919
right-1446,3783995442
right-1447,3784324286
right-1448,3785380445
right-1449,3788872524
right-1450,3788900126
right-1451,3788991103
right-1452,3789340332
right-1453,3790156301
right-1454,3791039548
right-1455,3791040372
right-1456,3791040373
right-1457,3791139342
right-1458,3791407609
right-1459,3791609567
right-1460,3792584554
right-1461,3793796314
right-1462,3794247232
right-1463,3794647531
right-1464,3794696763
right-1465,3794696926
right-1466,3794696928
right-1467,3796053608
right-1468,3796234932
right-1469,3797122393
right-1470,3797711216
right-1471,3798427099
right-1472,3798520555
right-1473,3798875141
right-1474,3799008310
right-1475,3801565076
right-1476,3806625615
right-1477,3806663178
right-1478,3806763143
right-1479,3812213602
right-1480,3812923318
right-1481,3815173950
right-1482,3818902111
right-1483,3818902120
right-1484,3819040156
right-1485,3824422538
right-1486,3824422540
right-1487,3824490070
right-1488,3825959526
right-1489,3826071845
right-1490,3826138859
right-1491,3829365763
right-1492,3829368931
right-1493,3829546123
right-1494,3829678429
right-1495,3830884937
right-1496,3834820339
right-1497,3834845496
right-1498,3839266163
right-1499,3843959050
right-1500,3844530401
right-1501,3845908372
right-1502,3845908374
right-1503,3848011956
right-1504,3848171037
right-1505,3848611844
right-1506,3849597363
right-1507,3849817492
right-1508,3849919679
right-1509,3849990908
right-1510,3850052436
right-1511,3850052443
right-1512,3851861251
right-1513,3857013598
right-1514,3857038319
right-1515,3860568399
right-1516,3862175879
right-1517,3862268059
right-1518,3862442483
right-1519,3862804669
right-1520,3863923208
right-1521,3867140428
right-1522,3874239164
right-1523,3876623309
right-1524,3876807864
right-1525,3878715787
right-1526,3880409698
right-1527,3881151261
right-1528,3881591564
right-1529,3881670126
right-1530,3882014355
right-1531,3882071473
right-1532,3882248669
right-1533,3883497333
right-1534,3887131042
right-1535,3889395495
right-1536,3891995505
right-1537,3891995506
right-1538,3894224858
right-1539,3895887302
right-1540,3895974194
right-1541,3896015808
right-1542,3896015824
right-1543,3899655881
right-1544,3903187501
right-1545,3906316464
right-1546,3908804985
right-1547,3911646945
right-1548,3913299617
right-1549,3913477488
right-1550,3913494115
right-1551,3913495754
right-1552,3914960200
right-1553,3914990489
right-1554,3915215976
right-1555,3915215983
right-1556,3916588372
right-1557,3916588373
right-1558,3916626865
right-1559,3918379797
right-1560,3920726836
right-1561,3920761470
right-1562,3923343638
right-1563,3926675040
right-1564,3926764108
right-1565,3926846148
right-1566,3926871609
right-1567,3926941684
right-1568,3927177831
right-1569,3927191296
right-1570,3927306313
right-1571,3927351213
right-1572,3927392391
right-1573,3928873653
right-1574,3928987466
right-1575,3929222060
right-1576,3930366766
right-1577,3930403413
right-1578,3930486982
right-1579,3930704883
right-1580,3931035418
right-1581,3931035425
right-1582,3931035785
right-1583,3934591493
right-1584,3942099005
right-1585,3946324748
right-1586,3946403613
right-1587,3946455197
right-1588,3946463754
right-1589,3946463756
right-1590,3946463757
right-1591,3946463758
right-1592,3946463790
right-1593,3946781548
right-1594,3954587852
right-1595,3954668240
right-1596,3955099306
right-1597,3955099321
right-1598,3956668079
right-1599,3961749781
right-1600,3961802092
right-1601,3962497863
right-1602,3963692708
right-1603,3963858142
right-1604,3964314790
right-1605,3966652517
right-1606,3967431638
right-1607,3967431641
right-1608,3967431643
right-1609,3968671194
right-1610,3968771571
right-1611,3968945783
right-1612,3968945784
right-1613,3968945785
right-1614,3972741380
right-1615,3972745474
right-1616,3972746952
right-1617,3972747192
right-1618,3973016823
right-1619,3973153935
right-1620,3973274830
right-1621,3973290911
right-1622,3975301967
right-1623,3980004581
right-1624,3981699341
right-1625,3981776055
right-1626,3983681397
right-1627,3986538750
right-1628,3986552192
right-1629,3988121560
right-1630,3988207798
right-1631,3989434688
right-1632,3990733484
right-1633,3991049562
right-1634,3991543102
right-1635,3991972122
right-1636,3995754426
right-1637,3995754441
right-1638,3995754493
right-1639,3995754499
right-1640,3997184387
right-1641,3997318737
right-1642,3997542804
right-1643,4001512747
right-1644,4003206876
right-1645,4004519095
right-1646,4004662188
right-1647,4004749811
right-1648,4004757492
right-1649,4004761173
right-1650,4006389039
right-1651,4015401444
right-1652,4015422065
right-1653,4015622291
right-1654,4015660803
right-1655,4016980309
right-1656,4018779157
right-1657,4020504883
right-1658,4021034740
right-1659,4021036515
right-1660,4021428119
right-1661,4022447951
right-1662,4024788228
right-1663,4027742647
right-1664,4030211484
right-1665,4034079339
right-1666,4035384490
right-1667,4035446400
right-1668,4037427918
right-1669,4037430725
right-1670,4038622993
right-1671,4038783877
right-1672,4039254580
right-1673,4040016243
right-1674,4040022109
right-1675,4040026187
right-1676,4040861140
right-1677,4041102361
right-1678,4047093373
right-1679,4054013929
right-1680,4058863060
right-1681,4062216502
right-1682,4062216532
right-1683,4062422868
right-1684,4065687522
right-1685,4065721591
right-1686,4070366893
right-1687,4070366897
right-1688,4070366943
right-1689,4070592858
right-1690,4072484143
right-1691,4076056038
right-1692,4081281547
right-1693,4081281907
right-1694,4081281908
right-1695,4081310038
right-1696,4081318942
right-1697,4081331281
right-1698,4081408175
right-1699,4081557445
right-1700,4081912776
right-1701,4081977025
right-1702,4082003885
right-1703,4082166816
right-1704,4082166838
right-1705,4082182753
right-1706,4087558394
right-1707,4087558438
right-1708,4087558454
right-1709,4087558525
right-1710,4087558544
right-1711,4091600300
right-1712,4091678032
right-1713,4091697627
right-1714,4091774163
right-1715,4091921695
right-1716,4091936237
right-1717,4094198358
right-1718,4094313189
right-1719,4094560613
right-1720,4094595721
right-1721,4095106318
right-1722,4095238550
right-1723,4099239552
right-1724,4099300221
right-1725,4099386259
right-1726,4099641396
right-1727,4101603138
right-1728,4104325396
right-1729,4104325414
right-1730,4106707389
right-1731,4108328975
right-1732,4108329128
right-1733,4108386585
right-1734,4108387195
right-1735,4108391233
right-1736,4108467470
right-1737,4108467471
right-1738,4112825553
right-1739,4112968737
right-1740,4113007009
right-1741,4113100539
right-1742,4113281669
right-1743,4113303068
right-1744,4117007242
right-1745,4117158830
right-1746,4117264355
right-1747,4117313731
right-1748,4119674664
right-1749,4122343037
right-1750,4123535481
right-1751,4123729605
right-1752,4123815194
right-1753,4123876695
right-1754,4126366014
right-1755,4126391754
right-1756,4127831118
right-1757,4129122420
right-1758,4129159149
right-1759,4132272962
right-1760,4132281843
right-1761,4132736065
right-1762,4133664700
right-1763,4133801110
right-1764,4135194435
right-1765,4140024129
right-1766,4140165052
right-1767,4140375035
right-1768,4142192688
right-1769,4142193368
right-1770,4142231832
right-1771,4144101559
right-1772,4144296423
right-1773,4144535894
right-1774,4145746928
right-1775,4145771589
right-1776,4145811375
right-1777,4145978681
right-1778,4146071311
right-1779,4146072324
right-1780,4147080749
right-1781,4149299298
right-1782,4155408706
right-1783,4155409307
right-1784,4155453297
right-1785,4155493010
right-1786,4155510577
right-1787,4155573008
right-1788,4157386068
right-1789,4157411941
right-1790,4157461682
right-1791,4157754347
right-1792,4157767466
right-1793,4159002136
right-1794,4161668276
right-1795,4161797582
right-1796,4161797610
right-1797,4161800645
right-1798,4161835766
right-1799,4161855141
right-1800,4161905262
right-1801,4165358068
right-1802,4165585148
right-1803,4176264466
right-1804,4176274797
right-1805,4176382238
right-1806,4176383890
right-1807,4176383891
right-1808,4185356330
right-1809,4188835093
right-1810,4194020108
right-1811,4195846379
right-1812,4195869714
right-1813,4195999148
right-1814,4196027218
right-1815,4196598949
right-1816,4198131767
right-1817,4198143611
right-1818,4198226762
right-1819,4198320352
right-1820,4200562068
right-1821,4200562083
right-1822,4200562086
right-1823,4200709686
right-1824,4201830454
right-1825,4202333133
right-1826,4203062385
right-1827,4205429237
right-1828,4205538788
right-1829,4205577321
right-1830,4205701101
right-1831,4205712058
right-1832,4205728410
right-1833,4206008942
right-1834,4206121961
right-1835,4206157559
right-1836,4206176854
right-1837,4206178378
right-1838,4206216619
right-1839,4206238616
right-1840,4206240591
right-1841,4206244104
right-1842,4206249296
right-1843,4206260481
right-1844,4206303141
right-1845,4206307025
right-1846,4206346223
right-1847,4206401183
right-1848,4206730262
right-1849,4206737830
right-1850,4206812485
right-1851,4206860889
right-1852,4208976473
right-1853,4210986952
right-1854,4211143463
right-1855,4213293624
right-1856,4213346748
right-1857,4214659543
right-1858,4218552688
right-1859,4218576923
right-1860,4218576924
right-1861,4218587180
right-1862,4219305678
right-1863,4219781519
right-1864,4220218660
right-1865,4220232956
right-1866,4220290698
right-1867,4220425825
right-1868,4220425927
right-1869,4221970752
right-1870,4222366436
right-1871,4222366441
right-1872,4222860871
right-1873,4223004786
right-1874,4223043910
right-1875,4223336242
right-1876,4226675903
right-1877,4236870644
right-1878,4236870645
right-1879,4236891179
right-1880,4239076866
right-1881,4241401560
right-1882,4241554792
right-1883,4242882473
right-1884,4247271139
right-1885,4247516426
right-1886,4247606390
right-1887,4250394124
right-1888,4255048934
right-1889,4255579052
right-1890,4255600579
right-1891,4256379801
right-1892,4256643417
right-1893,4259276183
right-1894,4259834054
right-1895,4261169259
right-1896,4263408816
right-1897,4264523708
right-1898,4264537590
right-1899,4264580532
right-1900,4264606503
right-1901,4264643150
right-1902,4264656891
right-1903,4264686573
right-1904,4264726900
right-1905,4264941392
right-1906,4265022076
right-1907,4267071431
right-1908,4271054057
right-1909,4271922757
right-1910,4272261017
right-1911,4272265816
right-1912,4272670107
right-1913,4272798975
right-1914,4272862979
right-1915,4273230232
right-1916,4273325302
right-1917,4273519745
right-1918,4273788194
right-1919,4274037220
right-1920,4277431214
right-1921,4277684402
right-1922,4278997793
right-1923,4279029102
right-1924,4280558458
right-1925,4283344517
right-1926,4283731595
right-1927,4283754980
right-1928,4283840570
right-1929,4283840643
right-1930,4283861864
right-1931,4283871807
right-1932,4286548275
right-1933,4289077889
right-1934,4292931987
right-1935,4293039566
right-1936,4295043985
right-1937,4295050293
right-1938,4295416821
right-1939,4297062005
right-1940,4304261357
right-1941,4304322877
right-1942,4311992888
right-1943,4312058424
right-1944,4312159885
right-1945,4313722048
right-1946,4315623847
right-1947,4317596217
right-1948,4317911005
right-1949,4317925208
right-1950,4318072332
right-1951,4318250807
right-1952,4326517600
right-1953,4327759617
right-1954,4330454804
right-1955,4330455174
right-1956,4330455313
right-1957,4331953816
right-1958,4332290907
right-1959,4332430141
right-1960,4332430142
right-1961,4332430184
right-1962,4332430207
right-1963,4332430235
right-1964,4332430236
right-1965,4332430249
right-1966,4332430263
right-1967,4333918634
right-1968,4339070553
right-1969,4343053715
right-1970,4343053757
right-1971,4343053870
right-1972,4344169115
right-1973,4345891873
right-1974,4346498056
right-1975,4352873082
right-1976,4353938843
right-1977,4353960088
right-1978,4359546112
right-1979,4360968301
right-1980,4361071311
right-1981,4361532030
right-1982,4361532031
right-1983,4361945080
right-1984,4362291674
right-1985,4366477218
right-1986,4368101461
right-1987,4368101483
right-1988,4368101631
right-1989,4373125692
right-1990,4373893621
right-1991,4373987079
right-1992,4373987327
right-1993,4378599368
right-1994,4378996633
right-1995,4380312175
right-1996,4380764776
right-1997,4380862973
right-1998,4380910410
right-1999,4384399544
right-2000,4384403228
right-2001,4384404810
right-2002,4384418878
right-2003,4385421396
right-2004,4386881448
right-2005,4387103443
right-2006,4388901383
right-2007,4391848279
right-2008,4393085087
right-2009,4393152581
right-2010,4393335877
right-2011,4393380201
right-2012,4397595587
right-2013,4397604000
right-2014,4400957998
right-2015,4401214688
right-2016,4401400486
right-2017,4401870234
right-2018,4402689830
right-2019,4405622470
right-2020,4405622471
right-2021,4405676807
right-2022,4408499233
right-2023,4411738752
right-2024,4413449697
right-2025,4415192755
right-2026,4415236173
right-2027,4415369159
right-2028,4416562394
right-2029,4416649428
right-2030,4416664920
right-2031,4416769219
right-2032,4417779337
right-2033,4417818850
right-2034,4417849752
right-2035,4425470778
right-2036,4426136067
right-2037,4427101574
right-2038,4427151751
right-2039,4427898444
right-2040,4428175521
right-2041,4429653106
right-2042,4432357191
right-2043,4432533598
right-2044,4432533619
right-2045,4432533633
right-2046,4433706146
right-2047,4433945275
right-2048,4435162089
right-2049,4435349331
right-2050,4435349533
right-2051,4435381167
right-2052,4435497569
right-2053,4435546738
right-2054,4435677050
right-2055,4435686270
right-2056,4435790174
right-2057,4436442401
right-2058,4436530316
right-2059,4437693093
right-2060,4437827660
right-2061,4439200268
right-2062,4439548084
right-2063,4439637603
right-2064,4439737347
right-2065,4439737367
right-2066,4439737417
right-2067,4441224128
right-2068,4443083796
right-2069,4444063055
right-2070,4447087259
right-2071,4447157300
right-2072,4447488122
right-2073,4449163726
right-2074,4450448997
right-2075,4450602028
right-2076,4450603120
right-2077,4450627285
right-2078,4450637680
right-2079,4450654266
right-2080,4450656494
right-2081,4451385027
right-2082,4452436761
right-2083,4452601259
right-2084,4452605904
right-2085,4454511065
right-2086,4454808938
right-2087,4454808939
right-2088,4454843105
right-2089,4454991968
right-2090,4457235501
right-2091,4459061019
right-2092,4460593098
right-2093,4460920026
right-2094,4462464476
right-2095,4464225618
right-2096,4464236181
right-2097,4464280791
right-2098,4464287759
right-2099,4464292412
right-2100,4464294458
right-2101,4464483346
right-2102,4464734240
right-2103,4464736899
right-2104,4464738046
right-2105,4464754576
right-2106,4464789875
right-2107,4464847340
right-2108,4464961235
right-2109,4465883168
right-2110,4465889130
right-2111,4465894814
right-2112,4465894979
right-2113,4466176551
right-2114,4466176900
right-2115,4466181365
right-2116,4469019023
right-2117,4471363342
right-2118,4471449591
right-2119,4473556437
right-2120,4473638767
right-2121,4475595676
right-2122,4476851611
right-2123,4477027120
right-2124,4477028416
right-2125,4477028417
right-2126,4477862817
right-2127,4478207583
right-2128,4478450397
right-2129,4478996378
right-2130,4479057399
right-2131,4479384673
right-2132,4479393573
right-2133,4479424058
right-2134,4479443839
right-2135,4479564507
right-2136,4480087496
right-2137,4480087500
right-2138,4480087501
right-2139,4480087502
right-2140,4480087504
right-2141,4480087505
right-2142,4480440117
right-2143,4480573157
right-2144,4480785026
right-2145,4480807955
right-2146,4480972193
right-2147,4480972538
right-2148,4483998870
right-2149,4484056174
right-2150,4489447342
right-2151,4490021066
right-2152,4492706098
right-2153,4494425835
right-2154,4495276027
right-2155,4495379948
right-2156,4495379952
right-2157,4495379953
right-2158,4495379954
right-2159,4495379955
right-2160,4495397292
right-2161,4495397754
right-2162,4498525979
right-2163,4498750182
right-2164,4499000025
right-2165,4499163507
right-2166,4499254595
right-2167,4504141241
right-2168,4504208035
right-2169,4504270171
right-2170,4506526793
right-2171,4506735992
right-2172,4509240804
right-2173,4510391167
right-2174,4510773550
right-2175,4511076637
right-2176,4513645830
right-2177,4513691832
right-2178,4513750752
right-2179,4513827455
right-2180,4514032938
right-2181,4514099218
right-2182,4514254297
right-2183,4514269980
right-2184,4516210827
right-2185,4518048703
right-2186,4520349111
right-2187,4520931714
right-2188,4522163029
right-2189,4522343131
right-2190,4522343644
right-2191,4522491050
right-2192,4522619562
right-2193,4523535319
right-2194,4523536102
right-2195,4523609337
right-2196,4523617938
right-2197,4523728345
right-2198,4523813350
right-2199,4523822777
right-2200,4523862885
right-2201,4523978139
right-2202,4525935868
right-2203,4526072607
right-2204,4526072680
right-2205,4526484619
right-2206,4527413574
right-2207,4529642085
right-2208,4529681217
right-2209,4529949744
right-2210,4529949745
right-2211,4529949747
right-2212,4529949750
right-2213,4529952057
right-2214,4530203076
right-2215,4534271493
right-2216,4535936090
right-2217,4535936913
right-2218,4535937748
right-2219,4535940324
right-2220,4535941827
right-2221,4535948086
right-2222,4535949395
right-2223,4535949473
right-2224,4535950778
right-2225,4535955817
right-2226,4535957035
right-2227,4535964933
right-2228,4536438373
right-2229,4536441487
right-2230,4536450435
right-2231,4538003565
right-2232,4538068355
right-2233,4540330630
right-2234,4540726370
right-2235,4541870779
right-2236,4542311130
right-2237,4545162003
right-2238,4545358313
right-2239,4550893360
right-2240,4551052278
right-2241,4551054119
right-2242,4551054156
right-2243,4552379552
right-2244,4552752026
right-2245,4552754031
right-2246,4552967183
right-2247,4553935758
right-2248,4554282844
right-2249,4557721365
right-2250,4557803498
right-2251,4557843865
right-2252,4557851726
right-2253,4563281307
right-2254,4567381675
right-2255,4567571442
right-2256,4567728786
right-2257,4568656165
right-2258,4568973916
right-2259,4569030477
right-2260,4570608540
right-2261,4570764341
right-2262,4570853476
right-2263,4570854616
right-2264,4571072650
right-2265,4571103419
right-2266,4571232533
right-2267,4572220890
right-2268,4572325313
right-2269,4572374020
right-2270,4572380162
right-2271,4572380856
right-2272,4572426631
right-2273,4572426635
right-2274,4572965795
right-2275,4574317597
right-2276,4575043423
right-2277,4575140348
right-2278,4575208920
right-2279,4575208945
right-2280,4576382317
right-2281,4578768056
right-2282,4579061300
right-2283,4579093992
right-2284,4579096268
right-2285,4579099738
right-2286,4579172309
right-2287,4579172318
right-2288,4585414465
right-2289,4585743728
right-2290,4586426302
right-2291,4587249322
right-2292,4589595361
right-2293,4589595603
right-2294,4589595738
right-2295,4589596505
right-2296,4589678847
right-2297,4589705121
right-2298,4589781178
right-2299,4589912764
right-2300,4590014928
right-2301,4590014941
right-2302,4590063433
right-2303,4590065338
right-2304,4590111211
right-2305,4590123310
right-2306,4590251777
right-2307,4590352935
right-2308,4590355915
right-2309,4590483016
right-2310,4590618046
right-2311,4590851173
right-2312,4591503269
right-2313,4591903114
right-2314,4592047596
right-2315,4593095270
right-2316,4593095271
right-2317,4593095275
right-2318,4595085991
right-2319,4595087665
right-2320,4595087666
right-2321,4595088087
right-2322,4595109112
right-2323,4595109114
right-2324,4595109117
right-2325,4597160827
right-2326,4603465738
right-2327,4606582827
right-2328,4606685237
right-2329,4606697433
right-2330,4606736971
right-2331,4606770797
right-2332,4607727345
right-2333,4607810261
right-2334,4607814146
right-2335,4607815292
right-2336,4608143553
right-2337,4611897899
right-2338,4612298617
right-2339,4612303118
right-2340,4612402397
right-2341,4613276653
right-2342,4619555960
right-2343,4619843239
right-2344,4619896949
right-2345,4619967132
right-2346,4620038623
right-2347,4620214021
right-2348,4620294540
right-2349,4620546589
right-2350,4620721849
right-2351,4622701079
right-2352,4622998108
right-2353,4623141145
right-2354,4623220741
right-2355,4623321340
right-2356,4623702055
right-2357,4623945437
right-2358,4623949166
right-2359,4623949169
right-2360,4623949170
right-2361,4623949172
right-2362,4624066182
right-2363,4624253340
right-2364,4624323272
right-2365,4624462113
right-2366,4624632431
right-2367,4626612854
right-2368,4628381223
right-2369,4628467254
right-2370,4628473654
right-2371,4628482537
right-2372,4628693281
right-2373,4628867825
right-2374,4631852445
right-2375,4632888071
right-2376,4633074104
right-2377,4635643191
right-2378,4635983959
right-2379,4635994205
right-2380,4636062964
right-2381,4636321295
right-2382,4636414736
right-2383,4639814160
right-2384,4639815191
right-2385,4639939539
right-2386,4640014596
right-2387,4641329279
right-2388,4641731292
right-2389,4641731299
right-2390,4641995805
right-2391,4642404562
right-2392,4642525529
right-2393,4642539086
right-2394,4642809295
right-2395,4642851302
right-2396,4642853960
right-2397,4642855664
right-2398,4642896802
right-2399,4643011415
right-2400,4643411418
right-2401,4644347195
right-2402,4645177299
right-2403,4645350475
right-2404,4645521206
right-2405,4646031122
right-2406,4647552425
right-2407,4648012150
right-2408,4648057386
right-2409,4649435449
right-2410,4651833817
right-2411,4653381213
right-2412,4653440875
right-2413,4653584790
right-2414,4653988894
right-2415,4654859639
right-2416,4654984489
right-2417,4655025146
right-2418,4655672347
right-2419,4656985251
right-2420,4656985284
right-2421,4656986610
right-2422,4657089967
right-2423,4657297706
right-2424,4657325404
right-2425,4657395496
right-2426,4657420264
right-2427,4658297683
right-2428,4658355307
right-2429,4658355309
right-2430,4658379211
right-2431,4658457718
right-2432,4658593878
right-2433,4658594053
right-2434,4659158287
right-2435,4659194738
right-2436,4659671054
right-2437,4661543594
right-2438,4661672565
right-2439,4661765499
right-2440,4661837009
right-2441,4661968358
right-2442,4662042966
right-2443,4662223988
right-2444,4662276866
right-2445,4662287639
right-2446,4666990747
right-2447,4667051210
right-2448,4667128100
right-2449,4667271478
right-2450,4667335909
right-2451,4667944723
right-2452,4667944800
right-2453,4667944804
right-2454,4668753194
right-2455,4670902580
right-2456,4672808661
right-2457,4673089682
right-2458,4673090472
right-2459,4673346861
right-2460,4673369383
right-2461,4673529349
right-2462,4673570226
right-2463,4673640575
right-2464,4673917112
right-2465,4674153432
right-2466,4674167642
right-2467,4674614838
right-2468,4674835768
right-2469,4674911211
right-2470,4674918247
right-2471,4674994920
right-2472,4675001749
right-2473,4675619318
right-2474,4676625783
right-2475,4676979970
right-2476,4677049816
right-2477,4679787870
right-2478,4680203965
right-2479,4680204120
right-2480,4680787872
right-2481,4680911509
right-2482,4682807043
right-2483,4682849273
right-2484,4682861553
right-2485,4682901441
right-2486,4683006694
right-2487,4683011994
right-2488,4684289524
right-2489,4684387275
right-2490,4687098617
right-2491,4687137330
right-2492,4687137331
right-2493,4687156728
right-2494,4687230194
right-2495,4687908846
right-2496,4690582974
right-2497,4691046316
right-2498,4692875936
right-2499,4693830154
right-2500,4695792378
right-2501,4695966763
right-2502,4695991363
right-2503,4696140812
right-2504,4696140824
right-2505,4696335646
right-2506,4697046854
right-2507,4697096810
right-2508,4697762753
right-2509,4699490400
right-2510,4700043978
right-2511,4700044387
right-2512,4700047151
right-2513,4700294124
right-2514,4704351822
right-2515,4706255672
right-2516,4706334321
right-2517,4706893826
right-2518,4707009129
right-2519,4707576111
right-2520,4712246454
right-2521,4713304190
right-2522,4713638133
right-2523,4714144986
right-2524,4715671013
right-2525,4715673728
right-2526,4715884198
right-2527,4716830942
right-2528,4717005728
right-2529,4717435092
right-2530,4719266318
right-2531,4720091470
right-2532,4720389596
right-2533,4720390052
right-2534,4720400069
right-2535,4720473801
right-2536,4720475237
right-2537,4720475255
right-2538,4720495582
right-2539,4720851202
right-2540,4721049406
right-2541,4721083043
right-2542,4722987437
right-2543,4726050435
right-2544,4726062696
right-2545,4726069349
right-2546,4726069692
right-2547,4726234092
right-2548,4726699880
right-2549,4726704241
right-2550,4727960423
right-2551,4730497694
right-2552,4730651453
right-2553,4730947102
right-2554,4731040124
right-2555,4732077222
right-2556,4732077225
right-2557,4735669408
right-2558,4740391193
right-2559,4740918813
right-2560,4742630017
right-2561,4742632507
right-2562,4744157902
right-2563,4746144353
right-2564,4746144356
right-2565,4746144358
right-2566,4746787184
right-2567,4746787192
right-2568,4746787193
right-2569,4748714201
right-2570,4748714203
right-2571,4748714204
right-2572,4748714209
right-2573,4749329588
right-2574,4749545985
right-2575,4752061423
right-2576,4755231819
right-2577,4755316220
right-2578,4758052328
right-2579,4760701142
right-2580,4760856662
right-2581,4761512241
right-2582,4763309830
right-2583,4763309833
right-2584,4763332013
right-2585,4763332016
right-2586,4769545996
right-2587,4769840573
right-2588,4769841073
right-2589,4769842201
right-2590,4771327883
right-2591,4771327918
right-2592,4771327927
right-2593,4773681665
right-2594,4777455284
right-2595,4780561080
right-2596,4780916943
right-2597,4780994423
right-2598,4781073513
right-2599,4782974616
right-2600,4784168636
right-2601,4786903807
right-2602,4787745013
right-2603,4791346927
right-2604,4792968045
right-2605,4793200474
right-2606,4793937016
right-2607,4796107666
right-2608,4797396841
right-2609,4800413806
right-2610,4803430559
right-2611,4804866409
right-2612,4808134107
right-2613,4808419049
right-2614,4808421510
right-2615,4808421696
right-2616,4808687386
right-2617,4810403857
right-2618,4810565011
right-2619,4810854855
right-2620,4815983439
right-2621,4816033297
right-2622,4819660512
right-2623,4820413833
right-2624,4820643406
right-2625,4824183659
right-2626,4824413785
right-2627,4824413791
right-2628,4824413797
right-2629,4824488186
right-2630,4826684425
right-2631,4826814579
right-2632,4826965148
right-2633,4828387554
right-2634,4828655707
right-2635,4831047043
right-2636,4831144499
right-2637,4831421711
right-2638,4833286194
right-2639,4833461792
right-2640,4833461838
right-2641,4833462387
right-2642,4835619445
right-2643,4836949019
right-2644,4837472094
right-2645,4838235937
right-2646,4838235985
right-2647,4838237088
right-2648,4839116713
right-2649,4839116721
right-2650,4840773395
right-2651,4840773401
right-2652,4840773407
right-2653,4840773591
right-2654,4841409762
right-2655,4841409763
right-2656,4841409782
right-2657,4841409784
right-2658,4841409785
right-2659,4843658589
right-2660,4846827279
right-2661,4848821942
right-2662,4851881611
right-2663,4851970637
right-2664,4852972733
right-2665,4852987902
right-2666,4855038009
right-2667,4855192008
right-2668,4855635552
right-2669,4857148526
right-2670,4862162402
right-2671,4867390907
right-2672,4867542841
right-2673,4874906617
right-2674,4876527314
right-2675,4877425733
right-2676,4877427884
right-2677,4878268441
right-2678,4882622259
right-2679,4882799596
right-2680,4883413805
right-2681,4883438638
right-2682,4886985547
right-2683,4887011176
right-2684,4889121148
right-2685,4889251551
right-2686,4893056636
right-2687,4893087221
right-2688,4893421020
right-2689,4894095159
right-2690,4894751197
right-2691,4894806660
right-2692,4894845430
right-2693,4898121360
right-2694,4898129572
right-2695,4898396079
right-2696,4898618873
right-2697,4898730811
right-2698,4900256072
right-2699,4901238426
right-2700,4910574353
right-2701,4910643503
right-2702,4913567061
right-2703,4913583578
right-2704,4913593097
right-2705,4913615667
right-2706,4913739097
right-2707,4913821876
right-2708,4913830904
right-2709,4915690236
right-2710,4915691123
right-2711,4915838378
right-2712,4915838423
right-2713,4915839276
right-2714,4915839560
right-2715,4916178053
right-2716,4920300539
right-2717,4923640936
right-2718,4929499262
right-2719,4933727929
right-2720,4933845886
right-2721,4933940942
right-2722,4935442477
right-2723,4935501979
right-2724,4935613333
right-2725,4938778098
right-2726,4938778136
right-2727,4938980998
right-2728,4939032186
right-2729,4941134416
right-2730,4944592558
right-2731,4944745995
right-2732,4945286271
right-2733,4946151807
right-2734,4947542538
right-2735,4951787204
right-2736,4951787447
right-2737,4953329125
right-2738,4953440832
right-2739,4953440833
right-2740,4953828221
right-2741,4956045269
right-2742,4956282202
right-2743,4956448203
right-2744,4958009936
right-2745,4958048469
right-2746,4958082134
right-2747,4958082139
right-2748,4958767156
right-2749,4958772983
right-2750,4959321228
right-2751,4959519221
right-2752,4965682215
right-2753,4965685047
right-2754,4965700329
right-2755,4965700349
right-2756,4968856674
right-2757,4969770562
right-2758,4970194736
right-2759,4970380996
right-2760,4970380997
right-2761,4971594985
right-2762,4971991343
right-2763,4975750479
right-2764,4986514233
right-2765,4986514235
right-2766,4986514236
right-2767,4986821978
right-2768,4986871601
right-2769,4989680852
right-2770,4989946442
right-2771,4991834076
right-2772,4993196445
right-2773,4999242087
right-2774,4999242302
right-2775,4999242337
right-2776,5002213170
right-2777,5006573506
right-2778,5006573511
right-2779,5006999511
right-2780,5007075941
right-2781,5007123143
right-2782,5007154818
right-2783,5010239995
right-2784,5014814789
right-2785,5018023921
right-2786,5018389488
right-2787,5018423070
right-2788,5022001633
right-2789,5025886764
right-2790,5026206738
right-2791,5027483283
right-2792,5028642368
right-2793,5031260309
right-2794,5031260324
right-2795,5031312408
right-2796,5031409942
right-2797,5032596888
right-2798,5032977830
right-2799,5035195744
right-2800,5035283205
right-2801,5036471784
right-2802,5036570591
right-2803,5037293119
right-2804,5037293123
right-2805,5037293131
right-2806,5041670056
right-2807,5043823492
right-2808,5043823521
right-2809,5045207164
right-2810,5045462167
right-2811,5045470232
right-2812,5045470247
right-2813,5046243946
right-2814,5046656102
right-2815,5049402664
right-2816,5049566912
right-2817,5049767468
right-2818,5050718427
right-2819,5050751560
right-2820,5050765983
right-2821,5051058355
right-2822,5052161634
right-2823,5059261580
right-2824,5059409033
right-2825,5060893513
right-2826,5060976187
right-2827,5062886005
right-2828,5063143977
right-2829,5063230149
right-2830,5063243277
right-2831,5064311854
right-2832,5067391221
right-2833,5068111044
right-2834,5068270943
right-2835,5069779382
right-2836,5070652659
right-2837,5074793221
right-2838,5078771664
right-2839,5079490375
right-2840,5080010232
right-2841,5080010233
right-2842,5081037246
right-2843,5082358412
right-2844,5083891907
right-2845,5089168946
right-2846,5090085713
right-2847,5090085795
right-2848,5092292553
right-2849,5092340558
right-2850,5092586064
right-2851,5092587102
right-2852,5092588784
right-2853,5093302599
right-2854,5093376032
right-2855,5093596943
right-2856,5095503840
right-2857,5095740967
right-2858,5096293410
right-2859,5098812067
right-2860,5099092267
right-2861,5103826672
right-2862,5104418469
right-2863,5107764481
right-2864,5107986473
right-2865,5108475165
right-2866,5109179027
right-2867,5109722651
right-2868,5109735650
right-2869,5111591626
right-2870,5112441439
right-2871,5115482660
right-2872,5118926477
right-2873,5120441329
right-2874,5122767587
right-2875,5122767601
right-2876,5122767609
right-2877,5124633800
right-2878,5133674383
right-2879,5134101704
right-2880,5137527266
right-2881,5137527272
right-2882,5137800871
right-2883,5137924637
right-2884,5138247322
right-2885,5138249246
right-2886,5142911797
right-2887,5145421612
right-2888,5145869774
right-2889,5149456570
right-2890,5152873103
right-2891,5154388777
right-2892,5154554715
right-2893,5154681248
right-2894,5154923948
right-2895,5154923949
right-2896,5158423755
right-2897,5158514600
right-2898,5163817822
right-2899,5165108496
right-2900,5169209205
right-2901,5169557321
right-2902,5169557343
right-2903,5174648306
right-2904,5181571321
right-2905,5182742886
right-2906,5183118904
right-2907,5183119685
right-2908,5183120188
right-2909,5183120874
right-2910,5185155909
right-2911,5185169908
right-2912,5185302910
right-2913,5185529534
right-2914,5194644133
right-2915,5196220671
right-2916,5196417840
right-2917,5196719333
right-2918,5196839612
right-2919,5196848769
right-2920,5196913988
right-2921,5197397770
right-2922,5197586202
right-2923,5205907365
right-2924,5205907815
right-2925,5207782423
right-2926,5208733047
right-2927,5208946130
right-2928,5209789681
right-2929,5210078086
right-2930,5210204758
right-2931,5210220741
right-2932,5210227346
right-2933,5210777873
right-2934,5212039795
right-2935,5212317331
right-2936,5214033793
right-2937,5214033799
right-2938,5253233649
right-2939,5306873644
right-2940,5318769457
right-2941,5956875678
right-2942,5956914964
right-2943,5957541791
right-2944,6148511994
right-2945,6871471099
right-2946,6871471218
right-2947,6871473475
right-2948,6871474570
right-2949,8431809688
right-2950,10183965715
right-2951,10573587480
right-2952,10574308802
right-2953,10574308852
right-2954,10574320557
right-2955,10574436811
right-2956,10574465910
right-2957,10574474696
right-2958,10575316052
right-2959,10754032180
right-2960,10823442134
right-2961,11313087884
right-2962,11849029413
right-2963,11970072568
right-2964,13389301105
right-2965,14049633133
right-2966,14275135237
right-2967,14507554334
right-2968,14613435427
right-2969,14613456118
right-2970,14613462873
right-2971,14613463282
right-2972,14613469834
right-2973,14613470081
right-2974,14613588723
right-2975,15249078376
right-2976,15249094070
right-2977,17208848492
right-2978,17850489330
right-2979,18250217929
right-2980,18465768764
right-2981,18465775405
right-2982,18465839155
right-2983,18465999520
right-2984,18466071844
right-2985,18466592768
right-2986,18466600298
right-2987,18466766658
right-2988,18466853240
right-2989,18467089718
right-2990,18467160052
right-2991,18467189786
right-2992,18467215029
right-2993,18467588438
right-2994,18467978186
right-2995,18468022060
right-2996,18468025681
right-2997,18468268185
right-2998,18468675120
right-2999,18468682993
right-3000,18468683446
right-3001,18468885587
right-3002,18468886995
right-3003,18468919185
right-3004,18468992680
right-3005,18581332027
right-3006,18956333945
right-3007,19216062361
right-3008,19845105344
right-3009,20182503643
right-3010,20182503712
right-3011,20182503713
right-3012,20197287759
right-3013,22459563406
right-3014,23152112153
right-3015,23209817333
right-3016,23230310067
right-3017,23232162328
right-3018,23330896452
right-3019,23480120338
right-3020,24048532484
right-3021,24130343419
right-3022,24820489594
right-3023,25459835761
right-3024,26001324647
right-3025,26608663897
right-3026,26608665388
right-3027,26795163325
right-3028,27062583649
right-3029,27457040886
right-3030,28307761138
right-3031,28720931869
right-3032,28972325219
right-3033,29755196818
right-3034,30178684374
right-3035,30178858922
right-3036,30376532750
right-3037,31577621677
right-3038,32193039024
right-3039,32193045303
right-3040,32193388284
right-3041,32229594960
right-3042,32344541048
right-3043,33260836731
right-3044,34056769465
right-3045,34646282781
right-3046,34765354823
right-3047,35108125267
right-3048,36777289481
right-3049,37206150655
right-3050,38112792925
right-3051,38470330088
right-3052,39074124372
right-3053,39228153018
right-3054,39435343189
right-3055,39435346587
right-3056,41095770473
right-3057,41192145796
right-3058,41192286791
right-3059,41192293673
right-3060,41192296697
right-3061,41202096243
right-3062,41713266437
right-3063,41714615735
right-3064,42065023562
right-3065,42065061380
right-3066,42156242181
right-3067,42626220829
right-3068,43552195223
right-3069,43619569395
right-3070,45531943201
right-3071,46315418879
right-3072,47869534644
right-3073,48780279064
right-3074,49309764506
right-3075,49492892341
right-3076,49988216795
right-3077,50058648846
right-3078,50099557191
right-3079,50198459817
right-3080,50201396581
right-3081,50201401033
right-3082,50201409415
right-3083,51942873778
right-3084,52192655194
right-3085,52586178214
right-3086,52705524216
right-3087,52705528998
right-3088,53649077621
right-3089,54158025085
right-3090,54158072521
right-3091,54159697837
right-3092,54161619961
right-3093,54161620253
right-3094,54161621292
right-3095,54161627705
right-3096,54161666201
right-3097,54161671777
right-3098,54161674630
right-3099,54162748196
right-3100,54163692074
right-3101,54164095334
right-3102,54329597439
right-3103,55721888445
right-3104,58025169012
right-3105,58972661342
right-3106,58976531552
right-3107,58988348737
right-3108,60433015053
right-3109,63409669243
right-3110,63412741726
right-3111,64393522082
right-3112,64393555415
right-3113,64461302079
right-3114,64628236935
right-3115,66505747508
right-3116,67952260025
right-3117,68357087942
right-3118,68902567141
right-3119,69710193399
right-3120,70569712258
right-3121,71864577883
right-3122,74275524389
right-3123,74643138088
right-3124,76084165140
right-3125,76084169102
right-3126,77257556452
right-3127,80044236633
right-3128,80108597514
right-3129,81226585052
right-3130,81226607159
right-3131,81830843399
right-3132,82058592847
right-3133,82062899156
right-3134,82342257069
right-3135,82466780870
right-3136,85101137000
right-3137,86283717806
right-3138,86599436514
right-3139,86599487704
right-3140,86620480160
right-3141,87216201397
right-3142,87649100303
right-3143,87820813199
right-3144,88142753779
right-3145,89847970728
right-3146,90989920496
right-3147,91007578637
right-3148,91821707535
right-3149,91821746394
right-3150,91935348764
right-3151,92142208466
right-3152,92314642320
right-3153,93483458676
right-3154,93561079629
right-3155,96287589828
right-3156,97014870931
right-3157,97015665472
right-3158,97015666402
right-3159,97015667220
right-3160,97015680177
right-3161,97875580425
right-3162,98671275436
right-3163,98958988764
right-3164,100934789677
right-3165,100995265790
right-3166,102180093107
right-3167,102255736026
right-3168,102421837783
right-3169,102684761053
right-3170,102726635381
right-3171,102790670060
right-3172,102904734113
right-3173,104421284570
right-3174,105313614420
right-3175,105989117718
right-3176,106063271889
right-3177,106428061780
right-3178,106969807070
right-3179,106983262852
right-3180,108598531244
right-3181,108666138823
right-3182,109083899642
right-3183,109328468005
right-3184,109650722253
right-3185,110015607887
right-3186,110021559657
right-3187,111568230982
right-3188,111745823805
right-3189,112380946822
right-3190,112672983667
right-3191,113196401893
right-3192,113560958124
right-3193,114058180468
right-3194,114114088164
right-3195,114666244242
right-3196,115302759679
right-3197,117731533052
right-3198,118800543658
right-3199,118870958106
right-3200,119255626964
right-3201,120617295680
right-3202,121486655222
right-3203,123455800842
right-3204,123772559485
right-3205,123807953395
right-3206,124021630369
right-3207,124971477566
right-3208,124972561597
right-3209,127943020479
right-3210,131279402014
right-3211,133161805706
right-3212,133955595941
right-3213,134350498277
right-3214,134555690760
right-3215,135297276464
right-3216,135661489277
right-3217,135661497480
right-3218,137316059085
right-3219,138649305625
right-3220,138961805528
right-3221,138961817016
right-3222,138961818198
right-3223,138962149685
right-3224,138962240148
right-3225,138962426961
right-3226,138963214044
right-3227,139931134682
right-3228,140338127659
right-3229,140521968215
right-3230,142083479729
right-3231,142083825931
right-3232,142085911542
right-3233,144411096991
right-3234,144789463525
right-3235,144798686853
right-3236,145760114769
right-3237,146004448972
right-3238,146343911460
right-3239,146794155397
right-3240,148550112621
right-3241,150720341877
right-3242,150720342242
right-3243,150720343665
right-3244,150720345195
right-3245,150824766165
right-3246,151440950448
right-3247,151694031317
right-3248,152526155389
right-3249,152999266436
right-3250,153122950881
right-3251,153264979455
right-3252,156117168340
right-3253,156117170736
right-3254,156117171271
right-3255,156117171783
right-3256,156117437097
right-3257,156117676683
right-3258,156118033327
right-3259,156274500462
right-3260,156274514359
right-3261,156274541443
right-3262,156274735776
right-3263,156275023490
right-3264,156275537866
right-3265,156276601653
right-3266,156277207697
right-3267,156277514294
right-3268,157515179120
right-3269,157714831258
right-3270,157916021593
right-3271,158706848757
right-3272,158916997936
right-3273,159951718042
right-3274,159954543355
right-3275,159985540559
right-3276,160196890745
right-3277,160322131810
right-3278,160503166999
right-3279,160866070670
right-3280,161012326997
right-3281,161081137235
right-3282,161322290198
right-3283,161501198603
right-3284,161899864664
right-3285,161900063353
right-3286,163333913025
right-3287,163681771421
right-3288,164042361723
right-3289,164144698800
right-3290,164194070466
right-3291,164506282725
right-3292,164616759673
right-3293,164956348896
right-3294,169119345346
right-3295,169843556667
right-3296,169965644120
right-3297,170135378163
right-3298,171098925339
right-3299,172249870163
right-3300,172316688248
right-3301,173142581949
right-3302,173996883983
right-3303,174174462828
right-3304,175595215688
right-3305,175758471828
right-3306,176077750624
right-3307,176490658492
right-3308,177073224250
right-3309,177073231703
right-3310,177073231825
right-3311,177073274400
right-3312,178229536419
right-3313,180128636744
right-3314,180280294037
right-3315,180963158924
right-3316,181585600522
right-3317,182695770250
right-3318,187375847767
right-3319,187928843291
right-3320,188282121229
right-3321,188719867412
right-3322,189102429944
right-3323,190352326975
right-3324,190524129790
right-3325,191333072438
right-3326,191656011099
right-3327,192292489844
right-3328,192584035425
right-3329,194524644287
right-3330,196392553102
right-3331,197070980082
right-3332,197099716924
right-3333,197108027490
right-3334,197780878811
right-3335,199994784454
right-3336,200757544518
right-3337,200832412333
right-3338,200985708896
right-3339,201156305802
right-3340,202473020890
right-3341,203378781641
right-3342,206995068165
right-3343,207982116445
right-3344,211733275690
right-3345,212171325799
right-3346,212932070940
right-3347,212932071327
right-3348,212995004927
right-3349,215543094150
right-3350,216786813245
right-3351,218671246426
right-3352,218691706787
right-3353,219208538608
right-3354,221397408919
right-3355,222027954347
right-3356,222850135334
right-3357,227236577145
right-3358,229888966482
right-3359,230316955194
right-3360,231871900045
right-3361,232097839236
right-3362,237907418344
right-3363,239175135889
right-3364,241078393218
right-3365,244286128786
right-3366,246390187019
right-3367,248509310374
right-3368,249039268558
right-3369,261909804045
right-3370,261986074173
right-3371,263142720576
right-3372,266960132102
right-3373,270288616927
right-3374,271133532010
right-3375,273323259955
right-3376,276611684552
right-3377,280093988324
right-3378,280968803577
right-3379,288518350695
right-3380,288820326743
right-3381,289173357122
right-3382,289741933562
right-3383,290946280384
right-3384,292830032329
right-3385,293198128708
right-3386,297961226443
right-3387,300840846038
right-3388,301384008758
right-3389,301920897506
right-3390,302128995504
right-3391,303103274469
right-3392,303600075141
right-3393,305893483314
right-3394,305960085848
right-3395,307696597158
right-3396,309670736915
right-3397,310358069814
right-3398,311613289539
right-3399,313062816282
right-3400,318037396491
right-3401,321674592654
right-3402,328161206616
right-3403,331243787733
right-3404,332651656883
right-3405,334605936355
right-3406,334605941564
right-3407,335140369894
right-3408,335140370164
right-3409,335230006871
right-3410,335688405992
right-3411,336084797451
right-3412,336556401910
right-3413,336556403061
right-3414,336556426216
right-3415,343200247912
right-3416,350831997965
right-3417,350832208612
right-3418,350874844642
right-3419,353075616241
right-3420,356160731333
right-3421,361248179120
right-3422,361264235472
right-3423,361430891904
right-3424,364793637349
right-3425,366371874482
right-3426,366875253135
right-3427,366987711057
right-3428,367014601696
right-3429,367129868160
right-3430,367129870788
right-3431,369955900212
right-3432,369955904629
right-3433,369955914604
right-3434,372133175364
right-3435,372489850706
right-3436,372489860408
right-3437,376973981474
right-3438,380839767176
right-3439,385969174372
right-3440,387771635556
right-3441,387778127569
right-3442,387783767425
right-3443,387783770211
right-3444,387786337968
right-3445,391729954554
right-3446,392226244812
right-3447,394048649969
right-3448,394048651460
right-3449,394070492588
right-3450,394078646217
right-3451,394078647227
right-3452,395140971849
right-3453,395685899087
right-3454,396262812828
right-3455,396800321613
right-3456,400311343048
right-3457,403005005819
right-3458,407849591517
right-3459,407898948323
right-3460,407921450268
right-3461,411484195184
right-3462,411996723305
right-3463,412072027060
right-3464,412447973160
right-3465,412740201285
right-3466,422486531630
right-3467,422592543463
right-3468,422593008553
right-3469,424258690519
right-3470,431526848516
right-3471,433432593358
right-3472,435990090364
right-3473,437850700068
right-3474,439668771830
right-3475,440789290564
right-3476,443981918744
right-3477,443990774607
right-3478,444631888093
right-3479,444631896781
right-3480,447762794404
right-3481,448871401046
right-3482,464508869302
right-3483,464536860277
right-3484,465566336541
right-3485,468454402749
right-3486,468584567836
right-3487,469266459718
right-3488,470042792761
right-3489,498398470747
right-3490,533512253768
right-3491,563361956182
right-3492,568026167372
right-3493,585059767435
right-3494,594888430591
