pair_id,gold,pred
semi-heterl_8780#semi-heterr_8194,1,1
semi-heterl_10274#semi-heterr_8961,1,1
semi-heterl_10284#semi-heterr_7752,1,0
semi-heterl_10317#semi-heterr_9416,1,1
semi-heterl_10319#semi-heterr_8264,1,1
semi-heterl_10320#semi-heterr_8323,1,1
semi-heterl_10325#semi-heterr_9260,1,1
semi-heterl_10331#semi-heterr_8872,1,1
semi-heterl_10332#semi-heterr_8391,1,1
semi-heterl_10337#semi-heterr_9490,1,1
semi-heterl_10343#semi-heterr_9230,1,1
semi-heterl_10357#semi-heterr_8600,1,1
semi-heterl_10376#semi-heterr_8770,1,0
semi-heterl_10386#semi-heterr_9995,1,1
semi-heterl_10395#semi-heterr_8722,1,1
semi-heterl_10402#semi-heterr_9780,1,1
semi-heterl_10463#semi-heterr_8576,1,1
semi-heterl_10485#semi-heterr_10273,1,1
semi-heterl_10488#semi-heterr_9992,1,1
semi-heterl_10492#semi-heterr_8861,1,0
semi-heterl_10539#semi-heterr_15541,1,1
semi-heterl_10629#semi-heterr_11427,1,0
semi-heterl_10666#semi-heterr_16468,1,1
semi-heterl_10678#semi-heterr_20237,1,1
semi-heterl_10679#semi-heterr_16548,1,1
semi-heterl_10685#semi-heterr_14057,1,0
semi-heterl_10712#semi-heterr_11608,1,1
semi-heterl_10745#semi-heterr_14140,1,1
semi-heterl_10880#semi-heterr_13770,1,1
semi-heterl_10896#semi-heterr_14732,1,1
semi-heterl_10928#semi-heterr_17222,1,1
semi-heterl_10950#semi-heterr_12186,1,1
semi-heterl_11041#semi-heterr_19587,1,1
semi-heterl_11113#semi-heterr_14189,1,1
semi-heterl_11185#semi-heterr_17854,1,1
semi-heterl_11234#semi-heterr_16268,1,1
semi-heterl_11319#semi-heterr_18858,1,1
semi-heterl_11330#semi-heterr_15714,1,1
semi-heterl_11380#semi-heterr_14452,1,1
semi-heterl_11440#semi-heterr_20222,1,1
semi-heterl_11497#semi-heterr_12281,1,1
semi-heterl_11528#semi-heterr_13039,1,1
semi-heterl_11541#semi-heterr_11539,1,1
semi-heterl_11551#semi-heterr_14331,1,1
semi-heterl_11650#semi-heterr_10645,1,1
semi-heterl_11737#semi-heterr_17201,1,1
semi-heterl_11789#semi-heterr_11430,1,0
semi-heterl_12028#semi-heterr_13375,1,1
semi-heterl_12074#semi-heterr_15077,1,1
semi-heterl_12118#semi-heterr_19840,1,0
semi-heterl_12119#semi-heterr_12430,1,1
semi-heterl_12461#semi-heterr_11792,1,0
semi-heterl_12465#semi-heterr_11853,1,1
semi-heterl_12475#semi-heterr_15314,1,1
semi-heterl_12489#semi-heterr_11288,1,0
semi-heterl_12515#semi-heterr_16458,1,1
semi-heterl_12538#semi-heterr_20224,1,1
semi-heterl_12551#semi-heterr_11288,1,1
semi-heterl_12757#semi-heterr_13242,1,1
semi-heterl_12805#semi-heterr_10670,1,1
semi-heterl_12808#semi-heterr_10719,1,1
semi-heterl_12809#semi-heterr_11106,1,1
semi-heterl_12836#semi-heterr_12395,1,1
semi-heterl_13008#semi-heterr_15200,1,1
semi-heterl_13071#semi-heterr_13660,1,1
semi-heterl_13210#semi-heterr_14595,1,0
semi-heterl_13215#semi-heterr_11971,1,1
semi-heterl_13525#semi-heterr_14644,1,0
semi-heterl_13641#semi-heterr_10443,1,1
semi-heterl_13699#semi-heterr_18032,1,0
semi-heterl_13715#semi-heterr_14501,1,1
semi-heterl_13733#semi-heterr_10412,1,1
semi-heterl_13740#semi-heterr_15025,1,1
semi-heterl_13744#semi-heterr_13587,1,1
semi-heterl_13760#semi-heterr_10487,1,0
semi-heterl_13767#semi-heterr_14834,1,1
semi-heterl_13803#semi-heterr_13262,1,1
semi-heterl_13804#semi-heterr_14766,1,1
semi-heterl_13904#semi-heterr_17332,1,1
semi-heterl_13927#semi-heterr_12830,1,1
semi-heterl_13935#semi-heterr_10510,1,0
semi-heterl_13990#semi-heterr_15177,1,0
semi-heterl_14116#semi-heterr_14699,1,1
semi-heterl_14141#semi-heterr_12971,1,1
semi-heterl_14148#semi-heterr_13156,1,1
semi-heterl_14309#semi-heterr_11640,1,1
semi-heterl_14334#semi-heterr_16464,1,1
semi-heterl_14364#semi-heterr_16907,1,1
semi-heterl_14371#semi-heterr_19033,1,1
semi-heterl_14430#semi-heterr_15359,1,0
semi-heterl_14600#semi-heterr_12269,1,1
semi-heterl_14633#semi-heterr_16345,1,1
semi-heterl_14859#semi-heterr_14637,1,1
semi-heterl_14861#semi-heterr_15299,1,1
semi-heterl_14902#semi-heterr_11773,1,0
semi-heterl_15023#semi-heterr_16152,1,1
semi-heterl_15031#semi-heterr_19205,1,0
semi-heterl_15432#semi-heterr_10663,1,1
semi-heterl_15525#semi-heterr_12340,1,0
semi-heterl_15540#semi-heterr_16180,1,1
semi-heterl_15619#semi-heterr_12745,1,1
semi-heterl_15676#semi-heterr_18940,1,0
semi-heterl_15744#semi-heterr_14852,1,1
semi-heterl_15796#semi-heterr_16625,1,1
semi-heterl_15802#semi-heterr_19608,1,1
semi-heterl_15804#semi-heterr_18176,1,1
semi-heterl_17020#semi-heterr_19627,1,1
semi-heterl_17161#semi-heterr_16137,1,1
semi-heterl_17174#semi-heterr_16126,1,1
semi-heterl_17394#semi-heterr_20151,1,1
semi-heterl_17401#semi-heterr_10353,1,1
semi-heterl_17633#semi-heterr_15953,1,1
semi-heterl_17719#semi-heterr_10752,1,1
semi-heterl_17881#semi-heterr_17685,1,1
semi-heterl_18029#semi-heterr_19201,1,1
semi-heterl_18164#semi-heterr_16277,1,1
semi-heterl_18260#semi-heterr_11806,1,1
semi-heterl_18320#semi-heterr_11565,1,1
semi-heterl_18705#semi-heterr_15703,1,0
semi-heterl_22086#semi-heterr_20301,1,1
semi-heterl_19876#semi-heterr_20325,1,1
semi-heterl_19172#semi-heterr_20368,1,0
semi-heterl_19139#semi-heterr_20407,1,1
semi-heterl_20096#semi-heterr_20446,1,1
semi-heterl_20288#semi-heterr_20625,1,1
semi-heterl_21895#semi-heterr_20768,1,1
semi-heterl_20973#semi-heterr_20847,1,1
semi-heterl_21760#semi-heterr_20875,1,1
semi-heterl_20588#semi-heterr_20927,1,1
semi-heterl_21859#semi-heterr_20966,1,1
semi-heterl_20796#semi-heterr_21020,1,1
semi-heterl_20162#semi-heterr_21024,1,1
semi-heterl_20461#semi-heterr_21176,1,0
semi-heterl_21235#semi-heterr_21393,1,1
semi-heterl_21694#semi-heterr_21464,1,1
semi-heterl_21094#semi-heterr_21573,1,1
semi-heterl_19986#semi-heterr_21618,1,1
semi-heterl_20962#semi-heterr_21754,1,1
semi-heterl_20746#semi-heterr_21766,1,1
semi-heterl_21834#semi-heterr_21805,1,1
semi-heterl_19488#semi-heterr_21989,1,1
semi-heterl_19210#semi-heterr_22070,1,1
semi-heterl_20829#semi-heterr_22142,1,1
semi-heterl_20593#semi-heterr_22143,1,1
semi-heterl_20195#semi-heterr_22435,1,1
semi-heterl_20262#semi-heterr_22484,1,0
semi-heterl_21862#semi-heterr_22488,1,1
semi-heterl_19595#semi-heterr_22520,1,1
semi-heterl_19205#semi-heterr_22577,1,1
semi-heterl_20618#semi-heterr_22838,1,0
semi-heterl_20509#semi-heterr_22842,1,1
semi-heterl_21944#semi-heterr_22944,1,1
semi-heterl_20764#semi-heterr_23077,1,1
semi-heterl_20712#semi-heterr_23078,1,1
semi-heterl_20268#semi-heterr_23095,1,1
semi-heterl_19953#semi-heterr_23156,1,0
semi-heterl_21483#semi-heterr_23231,1,1
semi-heterl_20581#semi-heterr_23250,1,0
semi-heterl_20615#semi-heterr_23263,1,1
semi-heterl_19453#semi-heterr_21015,0,0
semi-heterl_21776#semi-heterr_21032,0,0
semi-heterl_20322#semi-heterr_21062,0,0
semi-heterl_20201#semi-heterr_21120,0,0
semi-heterl_19683#semi-heterr_21125,0,0
semi-heterl_21974#semi-heterr_21125,0,0
semi-heterl_19546#semi-heterr_21126,0,0
semi-heterl_21246#semi-heterr_21129,0,0
semi-heterl_21460#semi-heterr_21158,0,0
semi-heterl_19742#semi-heterr_21169,0,0
semi-heterl_20132#semi-heterr_21169,0,0
semi-heterl_21662#semi-heterr_21211,0,0
semi-heterl_20621#semi-heterr_21231,0,0
semi-heterl_20324#semi-heterr_21232,0,0
semi-heterl_20304#semi-heterr_21240,0,0
semi-heterl_21343#semi-heterr_21240,0,0
semi-heterl_20442#semi-heterr_21241,0,0
semi-heterl_19409#semi-heterr_21263,0,0
semi-heterl_21120#semi-heterr_21263,0,0
semi-heterl_19706#semi-heterr_21275,0,0
semi-heterl_19453#semi-heterr_21280,0,0
semi-heterl_19731#semi-heterr_21280,0,0
semi-heterl_21343#semi-heterr_21280,0,0
semi-heterl_19276#semi-heterr_21299,0,0
semi-heterl_19260#semi-heterr_21346,0,0
semi-heterl_20751#semi-heterr_21346,0,0
semi-heterl_20896#semi-heterr_21346,0,0
semi-heterl_20162#semi-heterr_21362,0,0
semi-heterl_20819#semi-heterr_21362,0,0
semi-heterl_19243#semi-heterr_21383,0,0
semi-heterl_19371#semi-heterr_21398,0,0
semi-heterl_19994#semi-heterr_21404,0,0
semi-heterl_21079#semi-heterr_21404,0,0
semi-heterl_21551#semi-heterr_21420,0,0
semi-heterl_19488#semi-heterr_21425,0,0
semi-heterl_20032#semi-heterr_21425,0,0
semi-heterl_20374#semi-heterr_21434,0,0
semi-heterl_21305#semi-heterr_21446,0,0
semi-heterl_20340#semi-heterr_21461,0,0
semi-heterl_21194#semi-heterr_21461,0,0
semi-heterl_20305#semi-heterr_21473,0,0
semi-heterl_21744#semi-heterr_21476,0,0
semi-heterl_21823#semi-heterr_21476,0,0
semi-heterl_20051#semi-heterr_21481,0,0
semi-heterl_20180#semi-heterr_21494,0,0
semi-heterl_21711#semi-heterr_21495,0,0
semi-heterl_21272#semi-heterr_21502,0,0
semi-heterl_21139#semi-heterr_21517,0,0
semi-heterl_21482#semi-heterr_21533,0,0
semi-heterl_21096#semi-heterr_21545,0,0
semi-heterl_21149#semi-heterr_21550,0,0
semi-heterl_19773#semi-heterr_21586,0,0
semi-heterl_20313#semi-heterr_21595,0,0
semi-heterl_21929#semi-heterr_21603,0,0
semi-heterl_20408#semi-heterr_21615,0,0
semi-heterl_20419#semi-heterr_21615,0,0
semi-heterl_22023#semi-heterr_21615,0,0
semi-heterl_20882#semi-heterr_21632,0,0
semi-heterl_21687#semi-heterr_21632,0,0
semi-heterl_21438#semi-heterr_21686,0,0
semi-heterl_20746#semi-heterr_21692,0,0
semi-heterl_19381#semi-heterr_21694,0,0
semi-heterl_19857#semi-heterr_21694,0,0
semi-heterl_21310#semi-heterr_21694,0,0
semi-heterl_19292#semi-heterr_21699,0,0
semi-heterl_19799#semi-heterr_21715,0,0
semi-heterl_21194#semi-heterr_21715,0,0
semi-heterl_20135#semi-heterr_21728,0,0
semi-heterl_19431#semi-heterr_21740,0,0
semi-heterl_19773#semi-heterr_21740,0,0
semi-heterl_21150#semi-heterr_21769,0,0
semi-heterl_21585#semi-heterr_21783,0,0
semi-heterl_20805#semi-heterr_21786,0,0
semi-heterl_20519#semi-heterr_21789,0,0
semi-heterl_22093#semi-heterr_21789,0,0
semi-heterl_19533#semi-heterr_21791,0,0
semi-heterl_20480#semi-heterr_21791,0,0
semi-heterl_19533#semi-heterr_21802,0,0
semi-heterl_20480#semi-heterr_21802,0,0
semi-heterl_19260#semi-heterr_21815,0,0
semi-heterl_21561#semi-heterr_21815,0,0
semi-heterl_20071#semi-heterr_21822,0,0
semi-heterl_21753#semi-heterr_21822,0,0
semi-heterl_21803#semi-heterr_21831,0,0
semi-heterl_20340#semi-heterr_21832,0,0
semi-heterl_19985#semi-heterr_21841,0,0
semi-heterl_21281#semi-heterr_21845,0,0
semi-heterl_19701#semi-heterr_21852,0,0
semi-heterl_21034#semi-heterr_21856,0,0
semi-heterl_22132#semi-heterr_21874,0,0
semi-heterl_20896#semi-heterr_21877,0,0
semi-heterl_21474#semi-heterr_21895,0,0
semi-heterl_20494#semi-heterr_21899,0,0
semi-heterl_21979#semi-heterr_21899,0,0
semi-heterl_21987#semi-heterr_21899,0,0
semi-heterl_22041#semi-heterr_21911,0,0
semi-heterl_20461#semi-heterr_21913,0,0
semi-heterl_19742#semi-heterr_21933,0,0
semi-heterl_20291#semi-heterr_21933,0,0
semi-heterl_21139#semi-heterr_21939,0,0
semi-heterl_21707#semi-heterr_21942,0,0
semi-heterl_20060#semi-heterr_21943,0,0
semi-heterl_19845#semi-heterr_21954,0,0
semi-heterl_19668#semi-heterr_21955,0,0
semi-heterl_21991#semi-heterr_21957,0,0
semi-heterl_21933#semi-heterr_21964,0,0
semi-heterl_21482#semi-heterr_21985,0,0
semi-heterl_20135#semi-heterr_21989,0,0
semi-heterl_20539#semi-heterr_21999,0,0
semi-heterl_20845#semi-heterr_22001,0,0
semi-heterl_19844#semi-heterr_22034,0,0
semi-heterl_19999#semi-heterr_22034,0,0
semi-heterl_21185#semi-heterr_22034,0,0
semi-heterl_19445#semi-heterr_22049,0,0
semi-heterl_21295#semi-heterr_22060,0,0
semi-heterl_19648#semi-heterr_22064,0,0
semi-heterl_20579#semi-heterr_22070,0,0
semi-heterl_21250#semi-heterr_22070,0,0
semi-heterl_21474#semi-heterr_22070,0,0
semi-heterl_19453#semi-heterr_22105,0,0
semi-heterl_21343#semi-heterr_22105,0,0
semi-heterl_21066#semi-heterr_22107,0,0
semi-heterl_21512#semi-heterr_22142,0,0
semi-heterl_19567#semi-heterr_22147,0,0
semi-heterl_20345#semi-heterr_22148,0,0
semi-heterl_21760#semi-heterr_22163,0,0
semi-heterl_19797#semi-heterr_22177,0,0
semi-heterl_19918#semi-heterr_22194,0,0
semi-heterl_20167#semi-heterr_22202,0,0
semi-heterl_20646#semi-heterr_22207,0,0
semi-heterl_20291#semi-heterr_22209,0,0
semi-heterl_21007#semi-heterr_22222,0,0
semi-heterl_20246#semi-heterr_22235,0,0
semi-heterl_22093#semi-heterr_22235,0,0
semi-heterl_21082#semi-heterr_22251,0,0
semi-heterl_21792#semi-heterr_22251,0,0
semi-heterl_21205#semi-heterr_22252,0,0
semi-heterl_20741#semi-heterr_22266,0,0
semi-heterl_20219#semi-heterr_22277,0,0
semi-heterl_20380#semi-heterr_22277,0,0
semi-heterl_20250#semi-heterr_22280,0,0
semi-heterl_21470#semi-heterr_22292,0,0
semi-heterl_21877#semi-heterr_22292,0,0
semi-heterl_22093#semi-heterr_22313,0,0
semi-heterl_20592#semi-heterr_22316,0,0
semi-heterl_20316#semi-heterr_22328,0,0
semi-heterl_19409#semi-heterr_22335,0,0
semi-heterl_19766#semi-heterr_22338,0,0
semi-heterl_21522#semi-heterr_22348,0,0
semi-heterl_21537#semi-heterr_22391,0,0
semi-heterl_22046#semi-heterr_22391,0,0
semi-heterl_20044#semi-heterr_22400,0,0
semi-heterl_21018#semi-heterr_22409,0,0
semi-heterl_20389#semi-heterr_22410,0,0
semi-heterl_21274#semi-heterr_22418,0,0
semi-heterl_20961#semi-heterr_22424,0,0
semi-heterl_19499#semi-heterr_22459,0,0
semi-heterl_20442#semi-heterr_22485,0,0
semi-heterl_21386#semi-heterr_22489,0,0
semi-heterl_21679#semi-heterr_22489,0,0
semi-heterl_22042#semi-heterr_22489,0,0
semi-heterl_19138#semi-heterr_22493,0,0
semi-heterl_20353#semi-heterr_22493,0,0
semi-heterl_21593#semi-heterr_22493,0,0
semi-heterl_21176#semi-heterr_22502,0,0
semi-heterl_20600#semi-heterr_22508,0,0
semi-heterl_19346#semi-heterr_22523,0,0
semi-heterl_19153#semi-heterr_22529,0,0
semi-heterl_19543#semi-heterr_22529,0,0
semi-heterl_20009#semi-heterr_22532,0,0
semi-heterl_20924#semi-heterr_22537,0,0
semi-heterl_20283#semi-heterr_22553,0,0
semi-heterl_20283#semi-heterr_22561,0,0
semi-heterl_20980#semi-heterr_22561,0,0
semi-heterl_21914#semi-heterr_22563,0,0
semi-heterl_21435#semi-heterr_22571,0,0
semi-heterl_19321#semi-heterr_22577,0,0
semi-heterl_21679#semi-heterr_22592,0,0
semi-heterl_20216#semi-heterr_22611,0,0
semi-heterl_19937#semi-heterr_22621,0,0
semi-heterl_21661#semi-heterr_22621,0,0
semi-heterl_20351#semi-heterr_22636,0,0
semi-heterl_20889#semi-heterr_22636,0,0
semi-heterl_19533#semi-heterr_22646,0,0
semi-heterl_19533#semi-heterr_22673,0,0
semi-heterl_19907#semi-heterr_22675,0,0
semi-heterl_19775#semi-heterr_22677,0,0
semi-heterl_20040#semi-heterr_22695,0,0
semi-heterl_21042#semi-heterr_22695,0,0
semi-heterl_21015#semi-heterr_22698,0,0
semi-heterl_20182#semi-heterr_22708,0,0
semi-heterl_21344#semi-heterr_22724,0,0
semi-heterl_21430#semi-heterr_22732,0,0
semi-heterl_20946#semi-heterr_22765,0,0
semi-heterl_19250#semi-heterr_22774,0,0
semi-heterl_21369#semi-heterr_22779,0,0
semi-heterl_19425#semi-heterr_22780,0,0
semi-heterl_20380#semi-heterr_22780,0,0
semi-heterl_22083#semi-heterr_22792,0,0
semi-heterl_19567#semi-heterr_22800,0,0
semi-heterl_21254#semi-heterr_22801,0,0
semi-heterl_21424#semi-heterr_22801,0,0
semi-heterl_21851#semi-heterr_22835,0,0
semi-heterl_19200#semi-heterr_22843,0,0
semi-heterl_20291#semi-heterr_22843,0,0
semi-heterl_19950#semi-heterr_22850,0,0
semi-heterl_21042#semi-heterr_22868,0,0
semi-heterl_21067#semi-heterr_22868,0,0
semi-heterl_21414#semi-heterr_22868,0,0
semi-heterl_21473#semi-heterr_22868,0,0
semi-heterl_19726#semi-heterr_22872,0,0
semi-heterl_19453#semi-heterr_22892,0,0
semi-heterl_21488#semi-heterr_22892,0,0
semi-heterl_19158#semi-heterr_22893,0,0
semi-heterl_19855#semi-heterr_22896,0,0
semi-heterl_20359#semi-heterr_22896,0,0
semi-heterl_19367#semi-heterr_22906,0,0
semi-heterl_21376#semi-heterr_22910,0,0
semi-heterl_20193#semi-heterr_22942,0,0
semi-heterl_20287#semi-heterr_22942,0,0
semi-heterl_20359#semi-heterr_22942,0,0
semi-heterl_19706#semi-heterr_22944,0,0
semi-heterl_20579#semi-heterr_22944,0,0
semi-heterl_20608#semi-heterr_22944,0,0
semi-heterl_20896#semi-heterr_22944,0,0
semi-heterl_21494#semi-heterr_22944,0,0
semi-heterl_20296#semi-heterr_22974,0,0
semi-heterl_19828#semi-heterr_22981,0,0
semi-heterl_21846#semi-heterr_22986,0,0
semi-heterl_20182#semi-heterr_22987,0,0
semi-heterl_21500#semi-heterr_22987,0,0
semi-heterl_19176#semi-heterr_23015,0,0
semi-heterl_21589#semi-heterr_23015,0,0
semi-heterl_19285#semi-heterr_23038,0,0
semi-heterl_22060#semi-heterr_23038,0,0
semi-heterl_21140#semi-heterr_23046,0,0
semi-heterl_21194#semi-heterr_23069,0,0
semi-heterl_19389#semi-heterr_23074,0,0
semi-heterl_19611#semi-heterr_23081,0,0
semi-heterl_20666#semi-heterr_23092,0,0
semi-heterl_20756#semi-heterr_23095,0,0
semi-heterl_21250#semi-heterr_23106,0,0
semi-heterl_19164#semi-heterr_23134,0,1
semi-heterl_21067#semi-heterr_23141,0,0
semi-heterl_21430#semi-heterr_23156,0,0
semi-heterl_19529#semi-heterr_23157,0,0
semi-heterl_19697#semi-heterr_23168,0,0
semi-heterl_19907#semi-heterr_23173,0,0
semi-heterl_21436#semi-heterr_23178,0,0
semi-heterl_20865#semi-heterr_23198,0,0
semi-heterl_19685#semi-heterr_23227,0,0
semi-heterl_19141#semi-heterr_23240,0,0
semi-heterl_21906#semi-heterr_23240,0,0
semi-heterl_19395#semi-heterr_23245,0,0
semi-heterl_21579#semi-heterr_23252,0,0
