benchmark,source,positives,negatives,clusters,hard_positives,hard_negatives,positive_rate,tau_p,tau_n
abt-buy,Bench.,616,5127,965,168,1283,10.73,0.142857,0.170732
abt-buy,SS,815,5185,992,216,1039,13.58,0.142857,0.170732
abt-buy,AL-ML,862,5138,982,230,1847,14.37,0.142857,0.170732
abt-buy,AL-Ditto,1114,4886,993,299,1249,18.57,0.142857,0.170732
walmart-amazon,Bench.,576,5568,736,148,1437,9.38,0.315789,0.350000
walmart-amazon,SS,471,5673,753,122,547,7.67,0.315789,0.350000
walmart-amazon,AL-ML,750,5250,759,203,1437,12.50,0.315789,0.350000
walmart-amazon,AL-Ditto,867,5250,796,230,1094,14.17,0.315789,0.350000
dn7-walmart-amazon,Bench.,457,25593,763,116,6568,1.75,0.350000,0.269231
dn7-walmart-amazon,SS,460,25590,655,138,6738,1.77,0.350000,0.269231
dn7-walmart-amazon,AL-ML,903,25147,751,261,11815,3.47,0.350000,0.269231
dn7-walmart-amazon,AL-Ditto,908,25142,763,263,9761,3.49,0.350000,0.269231
wdc,Bench.,8471,11364,500,2118,2846,42.71,0.099287,0.173913
wdc,SS,5000,15000,500,819,2475,25.00,0.099287,0.173913
wdc,AL-ML,5000,15000,499,1035,7497,25.00,0.099287,0.173913
wdc,AL-Ditto,10951,8884,500,1879,3819,55.21,0.099287,0.173913
billiger-de,Bench.,1462,4435,500,366,1109,24.79,0.082498,0.123675
billiger-de,SS,1508,4389,493,256,1904,25.57,0.082498,0.123675
billiger-de,AL-ML,2239,3658,479,199,3054,37.97,0.082498,0.123675
billiger-de,AL-Ditto,3508,2389,492,493,1643,59.49,0.082498,0.123675
dblp-acm,Bench.,1332,6085,1952,335,1537,17.96,0.678571,0.160000
dblp-acm,SS,1416,6001,2026,384,1196,19.09,0.678571,0.160000
dblp-acm,AL-ML,2142,5275,2082,595,2808,28.88,0.678571,0.160000
dblp-acm,AL-Ditto,2195,4956,2083,615,2368,30.70,0.678571,0.160000
dblp-scholar,Bench.,3207,14016,2211,802,3695,18.62,0.471405,0.200000
dblp-scholar,SS,3464,13759,2197,946,2242,20.11,0.471405,0.200000
dblp-scholar,AL-ML,3735,13488,2273,1325,4644,21.69,0.471405,0.200000
dblp-scholar,AL-Ditto,3440,13760,2294,969,4815,20.00,0.471405,0.200000
semi-heter,Bench.,474,766,482,120,196,38.23,0.444444,0.416667
semi-heter,SS,444,796,424,105,58,35.81,0.444444,0.416667
semi-heter,AL-ML,289,951,322,91,360,23.31,0.444444,0.416667
semi-heter,AL-Ditto,275,965,352,79,281,22.18,0.444444,0.416667
