pair_id,gold,pred,label_raw
dblp_1496#acm_1225,0,0,FALSE
dblp_574#acm_749,0,0,FALSE
dblp_561#acm_1957,0,0,FALSE
dblp_1799#acm_1307,0,0,FALSE
dblp_1116#acm_1205,0,0,FALSE
dblp_2009#acm_679,0,0,FALSE
dblp_1496#acm_991,0,0,FALSE
dblp_69#acm_591,0,0,FALSE
dblp_729#acm_2227,0,0,FALSE
dblp_35#acm_590,0,0,FALSE
dblp_1683#acm_1341,1,1,TRUE
dblp_314#acm_1074,0,0,FALSE
dblp_1576#acm_262,0,0,FALSE
dblp_1157#acm_2244,1,1,TRUE
dblp_1538#acm_873,1,1,TRUE
dblp_2387#acm_1629,0,0,FALSE
dblp_1546#acm_819,0,0,FALSE
dblp_1247#acm_807,0,0,FALSE
dblp_1239#acm_1647,0,0,FALSE
dblp_2508#acm_2129,0,0,FALSE
dblp_267#acm_1787,0,0,FALSE
dblp_1185#acm_1880,1,1,TRUE
dblp_2123#acm_1667,0,0,FALSE
dblp_300#acm_1742,1,1,TRUE
dblp_1972#acm_778,1,1,TRUE
dblp_1034#acm_1046,0,0,FALSE
dblp_1009#acm_835,0,0,FALSE
dblp_469#acm_1531,1,1,TRUE
dblp_746#acm_48,0,0,FALSE
dblp_1681#acm_531,1,1,TRUE
dblp_2315#acm_400,0,0,FALSE
dblp_343#acm_704,0,0,FALSE
dblp_287#acm_1915,1,1,TRUE
dblp_2404#acm_1579,0,0,FALSE
dblp_1086#acm_1216,0,0,FALSE
dblp_727#acm_306,0,0,FALSE
dblp_198#acm_445,0,0,FALSE
dblp_290#acm_942,0,0,FALSE
dblp_1684#acm_1381,1,1,TRUE
dblp_1310#acm_1313,0,0,FALSE
dblp_1613#acm_2015,1,1,TRUE
dblp_1119#acm_1114,0,0,FALSE
dblp_1221#acm_1616,1,1,TRUE
dblp_470#acm_2126,0,0,FALSE
dblp_1841#acm_397,1,1,TRUE
dblp_805#acm_1666,0,0,FALSE
dblp_256#acm_1031,0,0,FALSE
dblp_1321#acm_902,0,0,FALSE
dblp_1228#acm_943,0,0,FALSE
dblp_1016#acm_1983,0,0,FALSE
dblp_385#acm_1195,0,0,FALSE
dblp_35#acm_1376,0,0,FALSE
dblp_2032#acm_1777,0,0,FALSE
dblp_766#acm_118,0,0,FALSE
dblp_1542#acm_1976,0,0,FALSE
dblp_377#acm_762,0,0,FALSE
dblp_2313#acm_1088,0,0,FALSE
dblp_892#acm_1254,0,0,FALSE
dblp_864#acm_71,0,0,FALSE
dblp_1253#acm_696,1,1,TRUE
dblp_778#acm_1758,0,0,FALSE
dblp_1053#acm_1797,1,1,TRUE
dblp_327#acm_2036,0,0,FALSE
dblp_76#acm_1992,0,0,FALSE
dblp_416#acm_342,0,0,FALSE
dblp_359#acm_924,0,0,FALSE
dblp_1705#acm_2290,0,0,FALSE
dblp_2156#acm_961,1,1,TRUE
dblp_1899#acm_513,0,1,TRUE
dblp_104#acm_345,0,0,FALSE
dblp_1985#acm_1035,0,0,FALSE
dblp_891#acm_231,0,0,FALSE
dblp_957#acm_1178,0,0,FALSE
dblp_1139#acm_899,0,0,FALSE
dblp_286#acm_2054,0,0,FALSE
dblp_1892#acm_640,0,0,FALSE
dblp_1264#acm_626,0,0,FALSE
dblp_2503#acm_1002,0,0,FALSE
dblp_285#acm_542,0,0,FALSE
dblp_1890#acm_1565,0,0,FALSE
dblp_955#acm_1957,1,1,TRUE
dblp_2294#acm_1171,0,0,FALSE
dblp_2114#acm_1320,0,0,FALSE
dblp_1538#acm_280,0,0,FALSE
dblp_2062#acm_1801,0,0,FALSE
dblp_886#acm_1899,1,1,TRUE
dblp_1237#acm_1075,0,0,FALSE
dblp_417#acm_1055,0,0,FALSE
dblp_1356#acm_455,0,0,FALSE
dblp_542#acm_777,0,0,FALSE
dblp_2261#acm_307,0,0,FALSE
dblp_976#acm_1991,0,0,FALSE
dblp_225#acm_33,0,0,FALSE
dblp_1542#acm_1035,0,0,FALSE
dblp_2044#acm_128,0,0,FALSE
dblp_558#acm_1063,0,0,FALSE
dblp_1968#acm_952,0,0,FALSE
dblp_1655#acm_1675,0,0,FALSE
dblp_885#acm_1827,0,0,FALSE
dblp_987#acm_639,0,0,FALSE
dblp_1892#acm_588,0,0,FALSE
dblp_177#acm_2177,0,0,FALSE
dblp_1993#acm_1072,0,0,FALSE
dblp_1729#acm_1827,0,0,FALSE
dblp_1644#acm_304,0,0,FALSE
dblp_1907#acm_1311,1,1,TRUE
dblp_1463#acm_1597,1,1,TRUE
dblp_2340#acm_1771,0,0,FALSE
dblp_2435#acm_1884,0,0,FALSE
dblp_888#acm_2006,1,1,TRUE
dblp_1930#acm_1353,0,0,FALSE
dblp_804#acm_1317,0,0,FALSE
dblp_778#acm_1313,0,0,FALSE
dblp_291#acm_340,0,0,FALSE
dblp_1103#acm_382,1,1,TRUE
dblp_2518#acm_689,0,0,FALSE
dblp_1440#acm_1825,0,0,FALSE
dblp_1181#acm_2000,0,0,FALSE
dblp_269#acm_219,1,1,TRUE
dblp_957#acm_2290,0,0,FALSE
dblp_1116#acm_2261,1,1,TRUE
dblp_971#acm_185,0,0,FALSE
dblp_542#acm_1630,0,0,FALSE
dblp_2358#acm_869,1,1,TRUE
dblp_1898#acm_1503,1,1,TRUE
dblp_2358#acm_1327,0,0,FALSE
dblp_1066#acm_1773,0,0,FALSE
dblp_542#acm_1254,0,0,FALSE
dblp_1753#acm_580,0,0,FALSE
dblp_158#acm_585,0,0,FALSE
dblp_397#acm_1179,0,0,FALSE
dblp_2351#acm_997,0,0,FALSE
dblp_2204#acm_936,0,0,FALSE
dblp_1472#acm_1136,1,1,TRUE
dblp_1180#acm_344,0,0,FALSE
dblp_94#acm_778,0,0,FALSE
dblp_804#acm_1868,0,0,FALSE
dblp_727#acm_640,1,1,TRUE
dblp_1784#acm_986,0,0,FALSE
dblp_815#acm_1505,0,0,FALSE
dblp_2601#acm_564,0,0,FALSE
dblp_80#acm_1461,1,1,TRUE
dblp_1706#acm_1650,0,0,FALSE
dblp_1542#acm_2261,0,0,FALSE
dblp_3#acm_346,0,0,FALSE
dblp_2485#acm_611,0,0,FALSE
dblp_1351#acm_1231,1,1,TRUE
dblp_1788#acm_2259,0,0,FALSE
dblp_561#acm_782,0,0,FALSE
dblp_1480#acm_340,1,1,TRUE
dblp_1658#acm_1427,0,0,FALSE
dblp_162#acm_1939,0,0,FALSE
dblp_1362#acm_1676,0,0,FALSE
dblp_1846#acm_1370,0,0,FALSE
dblp_2395#acm_913,0,0,FALSE
dblp_58#acm_1217,0,0,FALSE
dblp_926#acm_2086,0,0,FALSE
dblp_692#acm_1479,0,0,FALSE
dblp_2523#acm_1171,0,0,FALSE
dblp_652#acm_135,0,0,FALSE
dblp_2581#acm_306,0,0,FALSE
dblp_1771#acm_1884,0,0,FALSE
dblp_1639#acm_226,0,0,FALSE
dblp_549#acm_295,1,1,TRUE
dblp_256#acm_963,0,0,FALSE
dblp_17#acm_1387,0,0,FALSE
dblp_934#acm_649,0,0,FALSE
dblp_2602#acm_400,0,0,FALSE
dblp_925#acm_998,0,0,FALSE
dblp_2096#acm_1161,0,0,FALSE
dblp_1355#acm_451,0,0,FALSE
dblp_226#acm_1012,1,1,TRUE
dblp_1103#acm_1759,0,0,FALSE
dblp_731#acm_601,0,0,FALSE
dblp_2240#acm_724,0,0,FALSE
dblp_699#acm_1392,0,0,FALSE
dblp_1346#acm_347,0,0,FALSE
dblp_2253#acm_298,1,1,TRUE
dblp_1788#acm_1350,0,0,FALSE
dblp_69#acm_1761,0,0,FALSE
dblp_1645#acm_649,0,0,FALSE
dblp_806#acm_1832,0,0,FALSE
dblp_784#acm_796,1,1,TRUE
dblp_420#acm_1233,0,0,FALSE
dblp_2048#acm_314,1,1,TRUE
dblp_1263#acm_1112,1,1,TRUE
dblp_942#acm_2125,0,0,FALSE
dblp_816#acm_1707,1,1,TRUE
dblp_1542#acm_1159,0,0,FALSE
dblp_2261#acm_98,0,0,FALSE
dblp_2096#acm_1565,0,0,FALSE
dblp_925#acm_372,0,0,FALSE
dblp_1251#acm_400,0,0,FALSE
dblp_614#acm_20,1,1,TRUE
dblp_867#acm_1799,0,0,FALSE
dblp_1496#acm_1947,0,0,FALSE
dblp_328#acm_1426,0,0,FALSE
dblp_2471#acm_2105,0,0,FALSE
dblp_2518#acm_2253,0,0,FALSE
dblp_232#acm_188,0,0,FALSE
dblp_642#acm_1488,0,0,FALSE
dblp_2422#acm_53,0,0,FALSE
dblp_1477#acm_1443,0,0,FALSE
dblp_2414#acm_104,0,0,FALSE
dblp_76#acm_236,0,0,FALSE
dblp_545#acm_1250,0,0,FALSE
dblp_328#acm_1074,0,0,FALSE
dblp_2420#acm_1496,0,0,FALSE
dblp_411#acm_120,0,0,FALSE
dblp_2251#acm_2055,1,1,TRUE
dblp_945#acm_1388,0,0,FALSE
dblp_356#acm_1382,0,0,FALSE
dblp_339#acm_1333,0,0,FALSE
dblp_177#acm_8,1,1,TRUE
dblp_459#acm_1513,0,0,FALSE
dblp_161#acm_733,1,1,TRUE
dblp_1310#acm_1758,0,0,FALSE
dblp_1900#acm_420,0,0,FALSE
dblp_2008#acm_87,0,0,FALSE
dblp_1169#acm_2211,0,0,FALSE
dblp_151#acm_1960,1,1,TRUE
dblp_932#acm_986,0,0,FALSE
dblp_619#acm_154,1,1,TRUE
dblp_243#acm_1130,0,0,FALSE
dblp_448#acm_85,0,0,FALSE
dblp_873#acm_1235,0,0,FALSE
dblp_1885#acm_850,0,1,TRUE
dblp_109#acm_150,1,1,TRUE
dblp_1821#acm_722,0,0,FALSE
dblp_1920#acm_793,0,0,FALSE
dblp_404#acm_1945,0,0,FALSE
dblp_2296#acm_590,0,0,FALSE
dblp_2288#acm_865,0,0,FALSE
dblp_2575#acm_97,1,1,TRUE
dblp_797#acm_998,0,0,FALSE
dblp_891#acm_779,0,0,FALSE
dblp_915#acm_1051,0,0,FALSE
dblp_187#acm_30,0,0,FALSE
dblp_262#acm_196,0,0,FALSE
dblp_2454#acm_504,1,1,TRUE
dblp_1542#acm_1317,0,0,FALSE
dblp_1400#acm_1998,0,0,FALSE
dblp_829#acm_1768,0,0,FALSE
dblp_2095#acm_1126,0,0,FALSE
dblp_469#acm_466,0,0,FALSE
dblp_1411#acm_1335,0,0,FALSE
dblp_2392#acm_1053,0,0,FALSE
dblp_209#acm_343,0,0,FALSE
dblp_1948#acm_268,0,0,FALSE
dblp_2108#acm_881,0,0,FALSE
dblp_1459#acm_1912,0,0,FALSE
dblp_1892#acm_378,0,0,FALSE
dblp_2108#acm_1001,0,0,FALSE
dblp_524#acm_969,0,0,FALSE
dblp_78#acm_1244,0,0,FALSE
dblp_2562#acm_869,0,0,FALSE
dblp_2420#acm_797,1,1,TRUE
dblp_126#acm_80,0,0,FALSE
dblp_1547#acm_481,0,0,FALSE
dblp_1788#acm_262,0,0,FALSE
dblp_2497#acm_1884,0,0,FALSE
dblp_94#acm_1676,0,0,FALSE
dblp_1021#acm_2261,0,0,FALSE
dblp_433#acm_93,0,0,FALSE
dblp_2123#acm_405,0,0,FALSE
dblp_1981#acm_1067,1,1,TRUE
dblp_1926#acm_677,0,0,FALSE
dblp_1470#acm_1572,0,0,FALSE
dblp_1269#acm_81,0,0,FALSE
dblp_589#acm_432,1,1,TRUE
dblp_2119#acm_1473,0,0,FALSE
dblp_1705#acm_1178,0,0,FALSE
dblp_1750#acm_1757,1,1,TRUE
dblp_2358#acm_251,0,0,FALSE
dblp_1941#acm_109,0,0,FALSE
dblp_2369#acm_588,0,0,FALSE
dblp_2381#acm_1220,0,0,FALSE
dblp_2094#acm_1945,0,0,FALSE
dblp_612#acm_1940,0,0,FALSE
dblp_1870#acm_1051,0,0,FALSE
dblp_488#acm_1620,0,0,FALSE
dblp_1909#acm_2079,1,1,TRUE
dblp_265#acm_1657,0,0,FALSE
dblp_1977#acm_544,0,0,FALSE
dblp_139#acm_1491,1,0,FALSE
dblp_587#acm_144,1,1,TRUE
dblp_1284#acm_70,1,1,TRUE
dblp_1285#acm_1473,1,1,TRUE
dblp_2315#acm_1213,0,0,FALSE
dblp_1541#acm_970,0,0,FALSE
dblp_2125#acm_2193,0,0,FALSE
dblp_1546#acm_53,0,0,FALSE
dblp_576#acm_291,0,0,FALSE
dblp_946#acm_642,0,0,FALSE
dblp_787#acm_1209,0,0,FALSE
dblp_609#acm_1622,0,0,FALSE
dblp_1219#acm_545,0,0,FALSE
dblp_1512#acm_1373,0,0,FALSE
dblp_144#acm_776,0,0,FALSE
dblp_613#acm_1826,1,1,TRUE
dblp_1304#acm_689,0,0,FALSE
dblp_1870#acm_1698,0,0,FALSE
dblp_335#acm_810,0,0,FALSE
dblp_1543#acm_1981,0,0,FALSE
dblp_2232#acm_1125,0,0,FALSE
dblp_1279#acm_1756,0,0,FALSE
dblp_925#acm_1614,0,0,FALSE
dblp_2179#acm_346,0,0,FALSE
dblp_2354#acm_2007,0,0,FALSE
dblp_1009#acm_473,0,0,FALSE
dblp_476#acm_1026,0,0,FALSE
dblp_1783#acm_2035,1,1,TRUE
dblp_644#acm_1032,0,0,FALSE
dblp_1201#acm_1600,0,0,FALSE
dblp_1879#acm_1026,0,0,FALSE
dblp_2566#acm_478,0,0,FALSE
dblp_1533#acm_1674,0,0,FALSE
dblp_2028#acm_1171,0,0,FALSE
dblp_1084#acm_2033,1,1,TRUE
dblp_1499#acm_450,0,0,FALSE
dblp_1237#acm_1620,0,0,FALSE
dblp_2536#acm_337,1,1,TRUE
dblp_182#acm_1769,0,0,FALSE
dblp_2518#acm_1884,0,0,FALSE
dblp_427#acm_1862,0,0,FALSE
dblp_391#acm_1490,0,0,FALSE
dblp_609#acm_878,0,0,FALSE
dblp_1511#acm_1718,0,0,FALSE
dblp_1686#acm_1330,0,0,FALSE
dblp_2151#acm_1114,0,0,FALSE
dblp_452#acm_2154,0,0,FALSE
dblp_1356#acm_866,0,0,FALSE
dblp_2162#acm_1560,0,0,FALSE
dblp_620#acm_27,0,0,FALSE
dblp_831#acm_773,1,1,TRUE
dblp_993#acm_200,0,0,FALSE
dblp_1514#acm_314,0,0,FALSE
dblp_87#acm_2053,0,0,FALSE
dblp_973#acm_0,0,0,FALSE
dblp_229#acm_1945,0,0,FALSE
dblp_145#acm_78,0,0,FALSE
dblp_394#acm_786,0,0,FALSE
dblp_391#acm_1250,0,0,FALSE
dblp_1989#acm_530,0,0,FALSE
dblp_1953#acm_1011,0,0,FALSE
dblp_2388#acm_842,0,0,FALSE
dblp_364#acm_798,0,1,TRUE
dblp_286#acm_647,0,0,FALSE
dblp_1103#acm_373,0,0,FALSE
dblp_716#acm_2243,0,0,FALSE
dblp_2570#acm_1423,0,0,FALSE
dblp_306#acm_1522,1,1,TRUE
dblp_2069#acm_1601,0,0,FALSE
dblp_2592#acm_349,1,1,TRUE
dblp_984#acm_1594,0,0,FALSE
dblp_2352#acm_1327,0,0,FALSE
dblp_131#acm_547,0,0,FALSE
dblp_536#acm_2031,1,1,TRUE
dblp_1808#acm_206,0,0,FALSE
dblp_1032#acm_1132,0,0,FALSE
dblp_963#acm_1829,0,0,FALSE
dblp_2375#acm_1021,0,0,FALSE
dblp_485#acm_0,0,0,FALSE
dblp_1363#acm_1799,0,0,FALSE
dblp_1456#acm_51,0,0,FALSE
dblp_135#acm_1415,0,0,FALSE
dblp_141#acm_304,0,0,FALSE
dblp_838#acm_589,0,0,FALSE
dblp_2595#acm_586,0,0,FALSE
dblp_933#acm_1164,0,0,FALSE
dblp_2488#acm_1799,0,0,FALSE
dblp_376#acm_1587,0,0,FALSE
dblp_1662#acm_2269,0,0,FALSE
dblp_1642#acm_1527,0,0,FALSE
dblp_168#acm_1466,0,0,FALSE
dblp_198#acm_1643,0,0,FALSE
dblp_1642#acm_1088,0,0,FALSE
dblp_508#acm_2010,0,0,FALSE
dblp_2520#acm_1789,0,0,FALSE
dblp_1926#acm_539,0,0,FALSE
dblp_1048#acm_1107,1,1,TRUE
dblp_1567#acm_442,1,1,TRUE
dblp_744#acm_1072,1,1,TRUE
dblp_1117#acm_1074,1,1,TRUE
dblp_870#acm_448,0,0,FALSE
dblp_1771#acm_1650,0,0,FALSE
dblp_324#acm_138,1,1,TRUE
dblp_2191#acm_1566,1,1,TRUE
dblp_2091#acm_323,0,0,FALSE
dblp_1491#acm_1278,0,0,FALSE
dblp_560#acm_2093,0,0,FALSE
dblp_2610#acm_914,0,0,FALSE
dblp_2322#acm_1892,1,1,TRUE
dblp_2232#acm_1455,0,0,FALSE
dblp_900#acm_1041,0,0,FALSE
dblp_1534#acm_2156,1,1,TRUE
dblp_356#acm_1772,0,0,FALSE
dblp_378#acm_2276,1,1,TRUE
dblp_1531#acm_291,0,0,FALSE
dblp_1382#acm_1994,1,1,TRUE
dblp_1368#acm_803,1,1,TRUE
dblp_1563#acm_1601,0,0,FALSE
dblp_261#acm_1384,0,0,FALSE
dblp_1989#acm_595,0,0,FALSE
dblp_1485#acm_737,1,1,TRUE
dblp_681#acm_78,0,0,FALSE
dblp_1211#acm_2040,1,1,TRUE
dblp_2371#acm_1178,0,0,FALSE
dblp_1531#acm_793,0,0,FALSE
dblp_2452#acm_1101,0,0,FALSE
dblp_867#acm_383,0,0,FALSE
dblp_1505#acm_2198,1,1,TRUE
dblp_1791#acm_1706,0,0,FALSE
dblp_471#acm_1178,0,0,FALSE
dblp_36#acm_1650,0,0,FALSE
dblp_1272#acm_460,1,1,TRUE
dblp_987#acm_2250,0,0,FALSE
dblp_1097#acm_343,0,0,FALSE
dblp_1121#acm_1836,0,0,FALSE
dblp_1745#acm_1751,0,0,FALSE
dblp_1207#acm_2117,0,0,FALSE
dblp_2547#acm_1209,0,0,FALSE
dblp_1082#acm_1939,0,0,FALSE
dblp_988#acm_771,0,0,FALSE
dblp_2001#acm_824,0,0,FALSE
dblp_943#acm_1867,0,0,FALSE
dblp_240#acm_562,0,0,FALSE
dblp_767#acm_271,1,1,TRUE
dblp_1470#acm_1500,0,0,FALSE
dblp_1577#acm_1649,0,0,FALSE
dblp_2151#acm_1459,0,0,FALSE
dblp_1985#acm_1317,0,0,FALSE
dblp_834#acm_608,0,0,FALSE
dblp_863#acm_2003,0,0,FALSE
dblp_256#acm_947,0,0,FALSE
dblp_1400#acm_894,0,0,FALSE
dblp_1799#acm_2259,0,0,FALSE
dblp_1685#acm_4,0,0,FALSE
dblp_1323#acm_2089,1,1,TRUE
dblp_1650#acm_221,0,0,FALSE
dblp_1086#acm_2184,0,0,FALSE
dblp_76#acm_1769,0,0,FALSE
dblp_393#acm_1938,0,0,FALSE
dblp_2212#acm_277,1,1,TRUE
dblp_833#acm_1522,0,0,FALSE
dblp_1041#acm_1972,0,0,FALSE
dblp_214#acm_342,0,0,FALSE
dblp_1857#acm_276,0,0,FALSE
dblp_1542#acm_894,0,0,FALSE
dblp_787#acm_1954,0,0,FALSE
dblp_2036#acm_1870,1,1,TRUE
dblp_1489#acm_1063,0,0,FALSE
dblp_287#acm_848,0,0,FALSE
dblp_991#acm_2010,0,0,FALSE
dblp_476#acm_1912,0,0,FALSE
dblp_2591#acm_765,1,1,TRUE
dblp_1020#acm_1772,0,0,FALSE
dblp_644#acm_1125,0,0,FALSE
dblp_162#acm_2019,0,0,FALSE
dblp_244#acm_679,1,1,TRUE
dblp_2022#acm_783,0,0,FALSE
dblp_2364#acm_280,0,0,FALSE
dblp_2242#acm_1831,0,0,FALSE
dblp_131#acm_546,0,0,FALSE
dblp_232#acm_213,1,1,TRUE
dblp_1975#acm_1507,0,0,FALSE
dblp_1829#acm_777,0,0,FALSE
dblp_1510#acm_1002,1,1,TRUE
dblp_789#acm_178,1,1,TRUE
dblp_1285#acm_1032,0,0,FALSE
dblp_958#acm_527,0,0,FALSE
dblp_1091#acm_588,0,0,FALSE
dblp_1287#acm_2207,0,0,FALSE
dblp_1055#acm_997,1,1,TRUE
dblp_2237#acm_34,0,0,FALSE
dblp_1751#acm_1990,0,0,FALSE
dblp_878#acm_1325,1,1,TRUE
dblp_1263#acm_221,0,0,FALSE
dblp_1180#acm_56,1,1,TRUE
dblp_1116#acm_253,0,0,FALSE
dblp_1116#acm_225,0,0,FALSE
dblp_2607#acm_2293,1,1,TRUE
dblp_48#acm_2240,0,0,FALSE
dblp_1397#acm_2290,0,0,FALSE
dblp_856#acm_1799,0,0,FALSE
dblp_1759#acm_53,0,0,FALSE
dblp_763#acm_1204,1,1,TRUE
dblp_306#acm_720,0,0,FALSE
dblp_2481#acm_343,0,0,FALSE
dblp_2239#acm_2176,1,1,TRUE
dblp_182#acm_1950,0,0,FALSE
dblp_2302#acm_1463,0,0,FALSE
dblp_1317#acm_2171,0,0,FALSE
dblp_927#acm_1988,0,0,FALSE
dblp_2293#acm_1906,0,0,FALSE
dblp_181#acm_1846,0,0,FALSE
dblp_698#acm_1691,0,0,FALSE
dblp_2224#acm_1330,0,0,FALSE
dblp_1618#acm_1820,0,0,FALSE
dblp_1541#acm_1186,0,0,FALSE
dblp_1445#acm_46,0,0,FALSE
dblp_1902#acm_1694,0,0,FALSE
dblp_2371#acm_534,0,0,FALSE
dblp_661#acm_1185,0,0,FALSE
dblp_2520#acm_247,0,0,FALSE
dblp_2241#acm_2226,0,0,FALSE
dblp_694#acm_1077,1,1,TRUE
dblp_1480#acm_1313,0,0,FALSE
dblp_1038#acm_377,0,0,FALSE
dblp_1428#acm_303,0,0,FALSE
dblp_695#acm_1142,0,0,FALSE
dblp_932#acm_1758,0,0,FALSE
dblp_675#acm_1434,0,0,FALSE
dblp_1570#acm_1026,0,0,FALSE
dblp_2292#acm_1818,1,1,TRUE
dblp_176#acm_1646,1,1,TRUE
dblp_1488#acm_1186,0,0,FALSE
dblp_1540#acm_1976,0,0,FALSE
dblp_1350#acm_2257,1,1,TRUE
dblp_133#acm_1413,0,0,FALSE
dblp_713#acm_1342,1,1,TRUE
dblp_2312#acm_570,0,0,FALSE
dblp_897#acm_489,0,0,FALSE
dblp_1857#acm_1957,0,0,FALSE
dblp_316#acm_689,0,0,FALSE
dblp_83#acm_1454,1,1,TRUE
dblp_2009#acm_205,0,0,FALSE
dblp_2129#acm_1114,1,1,TRUE
dblp_1755#acm_511,1,1,TRUE
dblp_1771#acm_1320,0,0,FALSE
dblp_1481#acm_2250,0,0,FALSE
dblp_775#acm_2184,0,0,FALSE
dblp_1020#acm_229,0,0,FALSE
dblp_1730#acm_1959,1,1,TRUE
dblp_1061#acm_664,0,0,FALSE
dblp_713#acm_1640,0,0,FALSE
dblp_2416#acm_2040,0,0,FALSE
dblp_2040#acm_687,1,1,TRUE
dblp_1658#acm_585,0,0,FALSE
dblp_1466#acm_1667,0,0,FALSE
dblp_2601#acm_924,0,0,FALSE
dblp_314#acm_1675,0,0,FALSE
dblp_1812#acm_640,0,0,FALSE
dblp_1545#acm_249,0,0,FALSE
dblp_471#acm_2184,0,0,FALSE
dblp_1109#acm_98,0,0,FALSE
dblp_644#acm_1463,0,0,FALSE
dblp_1899#acm_668,0,1,TRUE
dblp_118#acm_1630,0,0,FALSE
dblp_1533#acm_365,0,0,FALSE
dblp_1985#acm_2239,0,0,FALSE
dblp_2162#acm_1933,0,0,FALSE
dblp_2391#acm_334,0,0,FALSE
dblp_2091#acm_1052,0,0,FALSE
dblp_1892#acm_1855,0,0,FALSE
dblp_312#acm_232,0,0,FALSE
dblp_135#acm_118,0,0,FALSE
dblp_934#acm_547,0,0,FALSE
dblp_1951#acm_1299,0,0,FALSE
dblp_1397#acm_2184,0,0,FALSE
dblp_1397#acm_1272,0,0,FALSE
dblp_2602#acm_488,0,0,FALSE
dblp_9#acm_639,0,0,FALSE
dblp_9#acm_1667,0,0,FALSE
dblp_930#acm_770,1,1,TRUE
dblp_1710#acm_2136,1,1,TRUE
dblp_1415#acm_1227,0,0,FALSE
dblp_528#acm_2074,1,1,TRUE
dblp_2088#acm_1473,0,0,FALSE
dblp_2308#acm_889,1,1,TRUE
dblp_2210#acm_1594,0,0,FALSE
dblp_699#acm_677,1,1,TRUE
dblp_314#acm_1542,0,0,FALSE
dblp_1065#acm_2021,0,0,FALSE
dblp_2213#acm_1026,0,0,FALSE
dblp_400#acm_2115,1,1,TRUE
dblp_1618#acm_1283,1,1,TRUE
dblp_865#acm_407,0,0,FALSE
dblp_2472#acm_1109,1,1,TRUE
dblp_2091#acm_2152,0,0,FALSE
dblp_1576#acm_1715,0,0,FALSE
dblp_600#acm_2235,1,1,TRUE
dblp_644#acm_1236,0,0,FALSE
dblp_393#acm_262,0,0,FALSE
dblp_703#acm_1521,0,0,FALSE
dblp_1330#acm_347,0,0,FALSE
dblp_209#acm_1272,0,0,FALSE
dblp_291#acm_585,0,0,FALSE
dblp_1248#acm_1222,0,0,FALSE
dblp_687#acm_1164,0,0,FALSE
dblp_287#acm_1900,0,0,FALSE
dblp_2266#acm_528,1,1,TRUE
dblp_330#acm_270,0,0,FALSE
dblp_1021#acm_4,0,0,FALSE
dblp_87#acm_2109,0,0,FALSE
dblp_2123#acm_152,0,0,FALSE
dblp_747#acm_1752,0,0,FALSE
dblp_146#acm_1828,0,0,FALSE
dblp_892#acm_225,0,0,FALSE
dblp_20#acm_2210,0,0,FALSE
dblp_383#acm_1640,0,0,FALSE
dblp_1886#acm_1986,1,1,TRUE
dblp_131#acm_927,1,0,FALSE
dblp_2101#acm_2197,1,1,TRUE
dblp_2246#acm_984,0,0,FALSE
dblp_690#acm_2250,0,0,FALSE
dblp_1349#acm_1082,1,1,TRUE
dblp_829#acm_147,0,0,FALSE
dblp_1380#acm_2124,0,1,TRUE
dblp_1264#acm_1151,1,1,TRUE
dblp_1875#acm_2254,1,1,TRUE
dblp_1724#acm_913,0,0,FALSE
dblp_1523#acm_1263,1,1,TRUE
dblp_1791#acm_60,1,1,TRUE
dblp_1151#acm_1604,1,1,TRUE
dblp_1950#acm_1041,1,1,TRUE
dblp_2162#acm_1511,0,0,FALSE
dblp_1829#acm_2107,0,0,FALSE
dblp_37#acm_1185,0,0,FALSE
dblp_2035#acm_612,1,1,TRUE
dblp_1771#acm_689,0,0,FALSE
dblp_2299#acm_1326,1,1,TRUE
dblp_1321#acm_2027,1,1,TRUE
dblp_2#acm_1145,0,0,FALSE
dblp_420#acm_1938,0,0,FALSE
dblp_2081#acm_2239,0,0,FALSE
dblp_24#acm_159,1,1,TRUE
dblp_1533#acm_1186,0,0,FALSE
dblp_797#acm_1665,0,0,FALSE
dblp_78#acm_2240,0,0,FALSE
dblp_2113#acm_56,0,0,FALSE
dblp_267#acm_1479,0,0,FALSE
dblp_1187#acm_1369,0,0,FALSE
dblp_2137#acm_646,0,0,FALSE
dblp_78#acm_2250,0,0,FALSE
dblp_628#acm_220,0,0,FALSE
dblp_378#acm_2259,0,0,FALSE
dblp_722#acm_1710,1,1,TRUE
dblp_1395#acm_370,0,0,FALSE
dblp_1993#acm_361,0,0,FALSE
dblp_2277#acm_1390,0,0,FALSE
dblp_1476#acm_1016,0,0,FALSE
dblp_1007#acm_1370,1,1,TRUE
dblp_2595#acm_368,0,0,FALSE
dblp_1356#acm_332,1,1,TRUE
dblp_1390#acm_195,0,0,FALSE
dblp_967#acm_2219,1,1,TRUE
dblp_1169#acm_207,0,0,FALSE
dblp_1433#acm_878,1,1,TRUE
dblp_432#acm_1719,0,0,FALSE
dblp_1385#acm_1107,0,0,FALSE
dblp_2320#acm_1093,0,0,FALSE
dblp_795#acm_1685,1,1,TRUE
dblp_1001#acm_1969,0,0,FALSE
dblp_2129#acm_1419,0,0,FALSE
dblp_1717#acm_2013,0,0,FALSE
dblp_78#acm_1675,0,0,FALSE
dblp_1858#acm_861,0,0,FALSE
dblp_1828#acm_426,0,0,FALSE
dblp_1428#acm_1443,0,0,FALSE
dblp_1811#acm_457,0,0,FALSE
dblp_1359#acm_1868,1,1,TRUE
dblp_2126#acm_779,0,0,FALSE
dblp_1429#acm_250,1,1,TRUE
dblp_1887#acm_2078,1,1,TRUE
dblp_1717#acm_1150,0,0,FALSE
dblp_987#acm_1872,0,0,FALSE
dblp_5#acm_2175,0,0,FALSE
dblp_701#acm_1571,0,0,FALSE
dblp_1509#acm_774,1,1,TRUE
dblp_2486#acm_1885,0,0,FALSE
dblp_545#acm_171,0,0,FALSE
dblp_692#acm_1053,0,0,FALSE
dblp_1975#acm_1929,0,0,FALSE
dblp_768#acm_1170,1,1,TRUE
dblp_1022#acm_343,0,0,FALSE
dblp_541#acm_607,1,1,TRUE
dblp_526#acm_1992,0,0,FALSE
dblp_1353#acm_588,0,0,FALSE
dblp_9#acm_1179,0,0,FALSE
dblp_1332#acm_1841,1,1,TRUE
dblp_371#acm_1185,0,0,FALSE
dblp_575#acm_649,0,1,TRUE
dblp_946#acm_1846,0,0,FALSE
dblp_1945#acm_1289,0,0,FALSE
dblp_162#acm_369,0,0,FALSE
dblp_2543#acm_2121,1,1,TRUE
dblp_595#acm_1220,0,0,FALSE
dblp_1887#acm_2104,0,0,FALSE
dblp_198#acm_1407,0,0,FALSE
dblp_1179#acm_1861,0,0,FALSE
dblp_818#acm_1108,0,0,FALSE
dblp_2573#acm_232,0,0,FALSE
dblp_2342#acm_1808,0,0,FALSE
dblp_2588#acm_1956,1,1,TRUE
dblp_542#acm_1106,0,0,FALSE
dblp_1795#acm_329,0,0,FALSE
dblp_1546#acm_1051,0,0,FALSE
dblp_856#acm_62,0,0,FALSE
dblp_2099#acm_910,1,1,TRUE
dblp_567#acm_2019,0,0,FALSE
dblp_1481#acm_1233,0,0,FALSE
dblp_187#acm_739,1,1,TRUE
dblp_2341#acm_1650,0,0,FALSE
dblp_1419#acm_2173,1,1,TRUE
dblp_1363#acm_1107,0,0,FALSE
dblp_335#acm_889,0,0,FALSE
dblp_1838#acm_499,0,0,FALSE
dblp_11#acm_2268,0,0,FALSE
dblp_2232#acm_2261,0,0,FALSE
dblp_1738#acm_1679,0,0,FALSE
dblp_1511#acm_206,0,0,FALSE
dblp_271#acm_1722,0,0,FALSE
dblp_1181#acm_332,0,0,FALSE
dblp_2091#acm_228,0,0,FALSE
dblp_2131#acm_1630,0,0,FALSE
dblp_2111#acm_1889,0,0,FALSE
dblp_2124#acm_966,1,1,TRUE
dblp_1395#acm_104,0,0,FALSE
dblp_1738#acm_1630,0,0,FALSE
dblp_2310#acm_1632,0,0,FALSE
dblp_786#acm_2015,0,0,FALSE
dblp_2098#acm_268,1,1,TRUE
dblp_234#acm_1771,0,0,FALSE
dblp_2613#acm_1777,0,0,FALSE
dblp_602#acm_1722,0,0,FALSE
dblp_234#acm_1108,0,0,FALSE
dblp_1304#acm_2243,0,0,FALSE
dblp_891#acm_1669,0,0,FALSE
dblp_1310#acm_127,0,0,FALSE
dblp_2302#acm_1499,0,0,FALSE
dblp_797#acm_1167,0,0,FALSE
dblp_433#acm_1781,0,0,FALSE
dblp_1595#acm_1587,0,0,FALSE
dblp_838#acm_428,0,0,FALSE
dblp_1584#acm_2195,1,1,TRUE
dblp_2433#acm_367,0,0,FALSE
dblp_1051#acm_1019,1,1,TRUE
dblp_1741#acm_1609,0,0,FALSE
dblp_2174#acm_1593,1,1,TRUE
dblp_927#acm_569,0,0,FALSE
dblp_1001#acm_418,0,0,FALSE
dblp_2232#acm_66,0,0,FALSE
dblp_692#acm_1159,0,0,FALSE
dblp_1346#acm_1048,0,0,FALSE
dblp_341#acm_791,0,0,FALSE
dblp_1578#acm_714,0,0,FALSE
dblp_1596#acm_1460,0,0,FALSE
dblp_1783#acm_1320,0,0,FALSE
dblp_2537#acm_2241,0,0,FALSE
dblp_575#acm_546,0,0,FALSE
dblp_1985#acm_1761,0,0,FALSE
dblp_1103#acm_379,0,0,FALSE
dblp_1509#acm_1833,0,0,FALSE
dblp_508#acm_1233,1,1,TRUE
dblp_826#acm_1689,0,0,FALSE
dblp_1415#acm_1019,0,0,FALSE
dblp_2036#acm_1074,0,0,FALSE
dblp_76#acm_636,0,0,FALSE
dblp_1546#acm_1938,0,0,FALSE
dblp_1163#acm_62,0,0,FALSE
dblp_1223#acm_496,1,1,TRUE
dblp_233#acm_1430,0,0,FALSE
dblp_2341#acm_1156,0,0,FALSE
dblp_316#acm_1046,0,0,FALSE
dblp_131#acm_564,0,0,FALSE
dblp_1400#acm_1456,0,0,FALSE
dblp_2597#acm_1982,1,1,TRUE
dblp_2302#acm_1026,0,0,FALSE
dblp_870#acm_2105,0,0,FALSE
dblp_988#acm_307,0,0,FALSE
dblp_919#acm_1507,1,1,TRUE
dblp_1857#acm_759,1,1,TRUE
dblp_224#acm_2289,0,0,FALSE
dblp_69#acm_2276,0,0,FALSE
dblp_2129#acm_755,0,0,FALSE
dblp_77#acm_1940,0,0,FALSE
dblp_2600#acm_1183,0,0,FALSE
dblp_1181#acm_1047,1,1,TRUE
dblp_1718#acm_1648,0,0,FALSE
dblp_2583#acm_2202,0,0,FALSE
dblp_907#acm_551,0,0,FALSE
dblp_398#acm_1869,0,0,FALSE
dblp_1935#acm_498,1,1,TRUE
dblp_1802#acm_579,1,1,TRUE
dblp_2402#acm_1160,0,0,FALSE
dblp_607#acm_269,0,0,FALSE
dblp_205#acm_276,1,1,TRUE
dblp_2524#acm_2281,0,0,FALSE
dblp_156#acm_1763,0,0,FALSE
dblp_2395#acm_2210,0,0,FALSE
dblp_272#acm_752,0,0,FALSE
dblp_124#acm_375,0,0,FALSE
dblp_2555#acm_476,0,0,FALSE
dblp_1854#acm_2063,0,0,FALSE
dblp_156#acm_1873,0,0,FALSE
dblp_826#acm_320,0,0,FALSE
dblp_958#acm_927,0,0,FALSE
dblp_1089#acm_2201,0,0,FALSE
dblp_893#acm_1615,0,0,FALSE
dblp_215#acm_780,0,0,FALSE
dblp_2302#acm_1761,0,0,FALSE
dblp_2568#acm_1738,0,0,FALSE
dblp_9#acm_87,0,0,FALSE
dblp_3#acm_1983,0,0,FALSE
dblp_12#acm_1114,0,0,FALSE
dblp_1118#acm_1761,0,0,FALSE
dblp_1899#acm_2129,0,0,FALSE
dblp_1015#acm_2210,0,0,FALSE
dblp_1689#acm_1100,0,0,FALSE
dblp_1664#acm_1992,0,0,FALSE
dblp_1188#acm_1215,0,0,FALSE
dblp_1739#acm_573,1,1,TRUE
dblp_924#acm_1351,0,0,FALSE
dblp_2435#acm_1939,0,0,FALSE
dblp_2224#acm_287,0,0,FALSE
dblp_385#acm_782,0,0,FALSE
dblp_1164#acm_329,1,1,TRUE
dblp_734#acm_238,0,0,FALSE
dblp_1717#acm_1220,0,0,FALSE
dblp_135#acm_127,0,0,FALSE
dblp_969#acm_133,1,0,FALSE
dblp_284#acm_342,0,0,FALSE
dblp_1619#acm_228,0,0,FALSE
dblp_381#acm_281,1,1,TRUE
dblp_1080#acm_914,0,0,FALSE
dblp_2183#acm_1254,0,0,FALSE
dblp_1395#acm_139,0,0,FALSE
dblp_359#acm_551,0,1,TRUE
dblp_420#acm_1051,1,1,TRUE
dblp_2381#acm_576,0,0,FALSE
dblp_1805#acm_2196,0,0,FALSE
dblp_1228#acm_940,0,0,FALSE
dblp_1514#acm_1837,1,1,TRUE
dblp_2476#acm_823,1,1,TRUE
dblp_1794#acm_2013,1,1,TRUE
dblp_755#acm_1,0,0,FALSE
dblp_1030#acm_1800,1,1,TRUE
dblp_644#acm_1205,0,0,FALSE
dblp_1210#acm_635,1,1,TRUE
dblp_398#acm_1233,0,0,FALSE
dblp_2003#acm_1273,0,1,TRUE
dblp_1155#acm_542,0,0,FALSE
dblp_731#acm_259,1,1,TRUE
dblp_9#acm_2240,0,0,FALSE
dblp_879#acm_680,0,0,FALSE
dblp_1000#acm_261,1,1,TRUE
dblp_2114#acm_1235,0,0,FALSE
dblp_1574#acm_326,1,1,TRUE
dblp_2518#acm_1413,1,1,TRUE
dblp_649#acm_1483,1,1,TRUE
dblp_2494#acm_384,0,0,FALSE
dblp_690#acm_689,0,0,FALSE
dblp_1220#acm_817,0,0,FALSE
dblp_529#acm_477,1,1,TRUE
dblp_1317#acm_1785,0,0,FALSE
dblp_1310#acm_855,0,0,FALSE
dblp_2477#acm_228,1,1,TRUE
dblp_1154#acm_430,1,1,TRUE
dblp_1944#acm_793,1,1,TRUE
dblp_713#acm_1023,0,0,FALSE
dblp_58#acm_586,0,0,FALSE
dblp_9#acm_1715,0,0,FALSE
dblp_1746#acm_1846,0,0,FALSE
dblp_1741#acm_1675,0,0,FALSE
dblp_890#acm_2272,0,0,FALSE
dblp_1160#acm_927,0,0,FALSE
dblp_2162#acm_1988,0,0,FALSE
dblp_2528#acm_346,0,0,FALSE
dblp_386#acm_598,0,0,FALSE
dblp_1273#acm_1045,1,1,TRUE
dblp_1224#acm_291,0,0,FALSE
dblp_2160#acm_1578,0,0,FALSE
dblp_1480#acm_688,0,0,FALSE
dblp_2381#acm_1945,0,0,FALSE
dblp_2171#acm_127,0,0,FALSE
dblp_1655#acm_171,0,0,FALSE
dblp_1119#acm_372,0,0,FALSE
dblp_1967#acm_1085,0,0,FALSE
dblp_2367#acm_199,0,0,FALSE
dblp_933#acm_430,0,0,FALSE
dblp_733#acm_853,1,1,TRUE
dblp_2267#acm_1262,0,0,FALSE
dblp_284#acm_343,0,0,FALSE
dblp_1752#acm_951,0,0,FALSE
dblp_2003#acm_804,1,1,TRUE
dblp_144#acm_1961,1,1,TRUE
dblp_2251#acm_1804,0,0,FALSE
dblp_2231#acm_1799,0,0,FALSE
dblp_377#acm_245,1,1,TRUE
dblp_2520#acm_1042,0,0,FALSE
dblp_1685#acm_1881,0,0,FALSE
dblp_1722#acm_1778,0,0,FALSE
dblp_462#acm_2109,0,0,FALSE
dblp_2183#acm_1122,0,0,FALSE
dblp_2036#acm_1440,0,0,FALSE
dblp_766#acm_1884,0,0,FALSE
dblp_2561#acm_689,0,0,FALSE
dblp_1498#acm_77,0,0,FALSE
dblp_2179#acm_1307,0,0,FALSE
dblp_772#acm_962,1,1,TRUE
dblp_351#acm_1354,1,1,TRUE
dblp_1667#acm_16,1,1,TRUE
dblp_973#acm_1667,0,0,FALSE
dblp_2042#acm_331,0,0,FALSE
dblp_1471#acm_591,0,0,FALSE
dblp_747#acm_1754,0,0,FALSE
dblp_1517#acm_1912,0,0,FALSE
dblp_342#acm_622,0,0,FALSE
dblp_958#acm_650,0,0,FALSE
dblp_69#acm_1307,0,0,FALSE
dblp_1118#acm_894,0,0,FALSE
dblp_1071#acm_110,0,0,FALSE
dblp_639#acm_1463,0,0,FALSE
dblp_229#acm_1052,0,0,FALSE
dblp_215#acm_1451,0,0,FALSE
dblp_1642#acm_535,0,0,FALSE
dblp_328#acm_2175,0,0,FALSE
dblp_1310#acm_1751,0,0,FALSE
dblp_2232#acm_2276,0,0,FALSE
dblp_0#acm_1905,0,0,FALSE
dblp_1577#acm_1699,0,0,FALSE
dblp_206#acm_1857,0,0,FALSE
dblp_306#acm_1527,0,0,FALSE
dblp_2540#acm_894,0,0,FALSE
dblp_2196#acm_782,0,0,FALSE
dblp_203#acm_585,0,0,FALSE
dblp_1866#acm_1888,0,0,FALSE
dblp_26#acm_1490,0,0,FALSE
dblp_797#acm_1431,0,0,FALSE
dblp_704#acm_542,0,0,FALSE
dblp_2410#acm_1933,0,0,FALSE
dblp_144#acm_1471,0,0,FALSE
dblp_2426#acm_1048,0,0,FALSE
dblp_2406#acm_1353,0,0,FALSE
dblp_2315#acm_1513,0,0,FALSE
dblp_1032#acm_2098,0,0,FALSE
dblp_2108#acm_1351,0,0,FALSE
dblp_7#acm_894,0,0,FALSE
dblp_2335#acm_2054,0,0,FALSE
dblp_105#acm_647,0,0,FALSE
dblp_1118#acm_2197,0,0,FALSE
dblp_744#acm_1031,0,0,FALSE
dblp_1581#acm_1780,1,1,TRUE
dblp_1820#acm_1593,0,0,FALSE
dblp_384#acm_1521,0,0,FALSE
dblp_2001#acm_98,0,0,FALSE
dblp_2136#acm_1051,0,0,FALSE
dblp_2169#acm_1579,0,0,FALSE
dblp_2224#acm_1881,0,0,FALSE
dblp_327#acm_488,0,0,FALSE
dblp_364#acm_1550,0,0,FALSE
dblp_1887#acm_889,0,0,FALSE
dblp_1183#acm_2019,0,0,FALSE
dblp_1151#acm_93,0,0,FALSE
dblp_628#acm_1455,0,0,FALSE
dblp_1996#acm_2011,1,1,TRUE
dblp_2108#acm_1318,0,0,FALSE
dblp_1985#acm_1499,0,0,FALSE
dblp_245#acm_1377,0,0,FALSE
dblp_791#acm_658,0,0,FALSE
dblp_2098#acm_171,0,0,FALSE
dblp_438#acm_1632,0,0,FALSE
dblp_957#acm_1216,0,0,FALSE
dblp_188#acm_514,0,0,FALSE
dblp_1928#acm_630,1,1,TRUE
dblp_2108#acm_1217,0,0,FALSE
dblp_1220#acm_1719,0,0,FALSE
dblp_2546#acm_1465,0,0,FALSE
dblp_2372#acm_993,1,1,TRUE
dblp_995#acm_2010,0,0,FALSE
dblp_2483#acm_1553,1,1,TRUE
dblp_919#acm_1462,0,0,FALSE
dblp_713#acm_2106,0,0,FALSE
dblp_856#acm_1751,0,0,FALSE
dblp_1395#acm_1958,0,0,FALSE
dblp_1118#acm_1408,0,0,FALSE
dblp_1201#acm_569,0,0,FALSE
dblp_818#acm_328,0,0,FALSE
dblp_1089#acm_1035,0,0,FALSE
dblp_1139#acm_1555,0,0,FALSE
dblp_1984#acm_1665,0,0,FALSE
dblp_1355#acm_859,0,0,FALSE
dblp_1664#acm_304,0,0,FALSE
dblp_145#acm_1384,0,0,FALSE
dblp_523#acm_917,0,0,FALSE
dblp_368#acm_1921,1,1,TRUE
dblp_1598#acm_1167,0,0,FALSE
dblp_2272#acm_1,0,0,FALSE
dblp_1261#acm_1440,0,0,FALSE
dblp_1248#acm_828,0,0,FALSE
dblp_2305#acm_1713,0,0,FALSE
dblp_3#acm_1106,0,0,FALSE
dblp_1600#acm_2050,0,0,FALSE
dblp_1169#acm_1962,0,0,FALSE
dblp_78#acm_1938,0,0,FALSE
dblp_818#acm_1002,0,0,FALSE
dblp_2163#acm_747,1,1,TRUE
dblp_2291#acm_936,1,1,TRUE
dblp_2235#acm_159,0,0,FALSE
dblp_18#acm_1883,0,0,FALSE
dblp_863#acm_448,0,0,FALSE
dblp_973#acm_590,0,0,FALSE
dblp_364#acm_300,0,0,FALSE
dblp_924#acm_586,0,0,FALSE
dblp_2573#acm_1135,0,0,FALSE
dblp_76#acm_2247,0,0,FALSE
dblp_1857#acm_1954,0,0,FALSE
dblp_2534#acm_1246,1,1,TRUE
dblp_1121#acm_1226,0,0,FALSE
dblp_1287#acm_328,0,0,FALSE
dblp_287#acm_1787,0,0,FALSE
dblp_731#acm_184,0,0,FALSE
dblp_1327#acm_2051,0,0,FALSE
dblp_431#acm_1181,1,1,TRUE
dblp_414#acm_1662,0,0,FALSE
dblp_1229#acm_1284,0,0,FALSE
dblp_984#acm_589,0,0,FALSE
dblp_1318#acm_1864,0,0,FALSE
dblp_150#acm_252,1,1,TRUE
dblp_674#acm_1462,0,0,FALSE
dblp_2391#acm_527,0,0,FALSE
dblp_2523#acm_1048,0,0,FALSE
dblp_838#acm_755,0,0,FALSE
dblp_2322#acm_1895,0,0,FALSE
dblp_1857#acm_2211,0,0,FALSE
dblp_2599#acm_434,1,1,TRUE
dblp_1430#acm_1304,0,0,FALSE
dblp_1540#acm_2009,0,0,FALSE
dblp_2430#acm_118,0,0,FALSE
dblp_327#acm_1511,0,0,FALSE
dblp_1892#acm_1854,0,0,FALSE
dblp_1423#acm_2049,1,1,TRUE
dblp_269#acm_1802,0,0,FALSE
dblp_2249#acm_215,0,0,FALSE
dblp_809#acm_1015,1,1,TRUE
dblp_1395#acm_1637,0,0,FALSE
dblp_900#acm_1818,0,0,FALSE
dblp_742#acm_1872,0,0,FALSE
dblp_1729#acm_2013,0,0,FALSE
dblp_818#acm_258,0,0,FALSE
dblp_2407#acm_1775,0,0,FALSE
dblp_1828#acm_623,1,1,TRUE
dblp_1911#acm_2258,1,1,TRUE
dblp_890#acm_1367,0,0,FALSE
dblp_119#acm_1718,0,0,FALSE
dblp_420#acm_1675,0,0,FALSE
dblp_1108#acm_689,0,0,FALSE
dblp_1662#acm_1939,0,0,FALSE
dblp_1013#acm_259,0,0,FALSE
dblp_731#acm_205,0,0,FALSE
dblp_1659#acm_1671,1,1,TRUE
dblp_870#acm_2109,0,0,FALSE
dblp_2410#acm_1742,0,0,FALSE
dblp_2359#acm_480,1,1,TRUE
dblp_1395#acm_2045,0,0,FALSE
dblp_1344#acm_1811,0,0,FALSE
dblp_1034#acm_940,0,0,FALSE
dblp_490#acm_546,0,0,FALSE
dblp_797#acm_1265,0,0,FALSE
dblp_1956#acm_1677,1,1,TRUE
dblp_1107#acm_1600,0,0,FALSE
dblp_542#acm_811,0,0,FALSE
dblp_870#acm_1674,0,0,FALSE
dblp_2144#acm_530,0,0,FALSE
dblp_1400#acm_2253,0,0,FALSE
dblp_958#acm_526,0,0,FALSE
dblp_2326#acm_1075,0,0,FALSE
dblp_2002#acm_800,1,1,TRUE
dblp_691#acm_2186,0,0,FALSE
dblp_1118#acm_2243,0,0,FALSE
dblp_2022#acm_1794,0,0,FALSE
dblp_306#acm_839,0,0,FALSE
dblp_718#acm_1342,0,0,FALSE
dblp_575#acm_226,0,0,FALSE
dblp_1251#acm_1203,0,0,FALSE
dblp_1209#acm_2269,0,0,FALSE
dblp_1400#acm_1650,0,0,FALSE
dblp_2604#acm_1334,1,1,TRUE
dblp_2268#acm_1041,0,0,FALSE
dblp_671#acm_2101,0,0,FALSE
dblp_1394#acm_1864,0,0,FALSE
dblp_259#acm_2188,0,0,FALSE
dblp_426#acm_1485,1,1,TRUE
dblp_58#acm_1884,0,0,FALSE
dblp_2281#acm_108,0,0,FALSE
dblp_349#acm_900,0,0,FALSE
dblp_2367#acm_2104,0,0,FALSE
dblp_1180#acm_134,0,0,FALSE
dblp_1946#acm_583,0,0,FALSE
dblp_2051#acm_1790,1,1,TRUE
dblp_1178#acm_1724,1,1,TRUE
dblp_498#acm_925,0,0,FALSE
dblp_839#acm_379,0,0,FALSE
dblp_162#acm_1667,0,0,FALSE
dblp_584#acm_208,0,0,FALSE
dblp_2389#acm_1521,0,0,FALSE
dblp_1489#acm_1674,0,0,FALSE
dblp_2062#acm_1637,0,0,FALSE
dblp_1112#acm_790,0,0,FALSE
dblp_692#acm_1761,1,1,TRUE
dblp_229#acm_1641,0,0,FALSE
dblp_1701#acm_1239,0,0,FALSE
dblp_2132#acm_328,0,0,FALSE
dblp_3#acm_1787,0,0,FALSE
dblp_818#acm_1088,0,0,FALSE
dblp_1892#acm_1236,0,0,FALSE
dblp_2189#acm_726,1,1,TRUE
dblp_234#acm_1953,0,0,FALSE
dblp_2468#acm_1408,0,0,FALSE
dblp_2333#acm_1280,0,0,FALSE
dblp_14#acm_1401,0,0,FALSE
dblp_794#acm_2225,0,0,FALSE
dblp_135#acm_140,0,0,FALSE
dblp_194#acm_1839,0,0,FALSE
dblp_2150#acm_184,0,0,FALSE
dblp_384#acm_1867,0,0,FALSE
dblp_2313#acm_2207,0,0,FALSE
dblp_1848#acm_619,0,0,FALSE
dblp_1491#acm_2019,0,0,FALSE
dblp_272#acm_2087,0,0,FALSE
dblp_1549#acm_1747,1,1,TRUE
dblp_970#acm_179,0,0,FALSE
dblp_973#acm_2239,0,0,FALSE
dblp_2009#acm_1478,0,0,FALSE
dblp_873#acm_883,1,1,TRUE
dblp_988#acm_873,0,0,FALSE
dblp_1908#acm_56,0,0,FALSE
dblp_1452#acm_904,0,0,FALSE
dblp_2399#acm_608,0,0,FALSE
dblp_2046#acm_1915,0,0,FALSE
dblp_1261#acm_249,0,0,FALSE
dblp_291#acm_986,0,0,FALSE
dblp_968#acm_924,0,0,FALSE
dblp_397#acm_1660,0,0,FALSE
dblp_592#acm_276,0,0,FALSE
dblp_335#acm_1041,0,0,FALSE
dblp_371#acm_1046,0,0,FALSE
dblp_1366#acm_374,1,1,TRUE
dblp_1642#acm_303,0,0,FALSE
dblp_2112#acm_1623,1,1,TRUE
dblp_2602#acm_576,0,0,FALSE
dblp_1428#acm_215,0,0,FALSE
dblp_695#acm_1427,0,0,FALSE
dblp_2210#acm_84,0,0,FALSE
dblp_1967#acm_2259,0,0,FALSE
dblp_534#acm_187,1,1,TRUE
dblp_592#acm_1719,0,0,FALSE
dblp_1369#acm_2124,0,1,TRUE
dblp_449#acm_464,0,0,FALSE
dblp_2430#acm_1906,0,0,FALSE
dblp_1415#acm_1684,0,0,FALSE
dblp_2185#acm_1101,1,1,TRUE
dblp_2182#acm_614,0,0,FALSE
dblp_347#acm_954,1,1,TRUE
dblp_18#acm_694,0,0,FALSE
dblp_628#acm_540,0,0,FALSE
dblp_2540#acm_1983,0,0,FALSE
dblp_2313#acm_984,0,0,FALSE
dblp_1520#acm_1530,1,1,TRUE
dblp_2248#acm_84,0,0,FALSE
dblp_277#acm_1684,0,0,FALSE
dblp_2290#acm_93,0,0,FALSE
dblp_69#acm_1163,0,0,FALSE
dblp_1747#acm_1047,0,0,FALSE
dblp_644#acm_1915,0,0,FALSE
dblp_1542#acm_1983,0,0,FALSE
dblp_1360#acm_1761,0,0,FALSE
dblp_954#acm_141,0,0,FALSE
dblp_22#acm_1862,1,1,TRUE
dblp_542#acm_1125,0,0,FALSE
dblp_1304#acm_1976,0,0,FALSE
dblp_490#acm_649,0,0,FALSE
dblp_2425#acm_1840,1,1,TRUE
dblp_366#acm_301,0,0,FALSE
dblp_1373#acm_1294,1,1,TRUE
dblp_320#acm_1883,0,0,FALSE
dblp_472#acm_564,0,0,FALSE
dblp_688#acm_1667,0,0,FALSE
dblp_1043#acm_1519,0,0,FALSE
dblp_1576#acm_1885,0,0,FALSE
dblp_6#acm_529,0,0,FALSE
dblp_1985#acm_1297,0,0,FALSE
dblp_306#acm_1854,0,0,FALSE
dblp_2550#acm_1189,0,0,FALSE
dblp_2346#acm_1313,0,0,FALSE
dblp_387#acm_551,0,0,FALSE
dblp_907#acm_649,0,0,FALSE
dblp_2451#acm_1084,0,0,FALSE
dblp_2494#acm_1159,1,1,TRUE
dblp_2548#acm_342,0,0,FALSE
dblp_143#acm_301,1,1,TRUE
dblp_2402#acm_1667,0,0,FALSE
dblp_2179#acm_1990,0,0,FALSE
dblp_229#acm_1104,0,0,FALSE
dblp_1488#acm_139,0,0,FALSE
dblp_1128#acm_664,0,0,FALSE
dblp_1634#acm_493,0,0,FALSE
dblp_82#acm_810,1,1,TRUE
dblp_863#acm_1789,0,0,FALSE
dblp_899#acm_249,0,0,FALSE
dblp_2151#acm_1870,0,0,FALSE
dblp_1596#acm_1849,0,0,FALSE
dblp_1043#acm_1812,0,0,FALSE
dblp_2532#acm_1958,0,0,FALSE
dblp_2267#acm_1426,0,0,FALSE
dblp_1823#acm_2038,0,0,FALSE
dblp_1160#acm_564,0,0,FALSE
dblp_1580#acm_1035,0,0,FALSE
dblp_919#acm_858,0,0,FALSE
dblp_1074#acm_178,0,0,FALSE
dblp_122#acm_586,0,0,FALSE
dblp_674#acm_951,0,0,FALSE
dblp_2315#acm_1203,0,0,FALSE
dblp_1235#acm_126,1,1,TRUE
dblp_1439#acm_1715,0,0,FALSE
dblp_931#acm_780,0,0,FALSE
dblp_1318#acm_436,0,0,FALSE
dblp_797#acm_147,0,0,FALSE
dblp_778#acm_62,0,0,FALSE
dblp_1169#acm_759,0,0,FALSE
dblp_205#acm_759,0,0,FALSE
dblp_988#acm_1217,0,0,FALSE
dblp_2123#acm_0,1,1,TRUE
dblp_797#acm_755,1,1,TRUE
dblp_1233#acm_1785,0,0,FALSE
dblp_1530#acm_1373,0,0,FALSE
dblp_36#acm_2076,0,0,FALSE
dblp_1152#acm_333,0,0,FALSE
dblp_1908#acm_266,1,1,TRUE
dblp_1512#acm_441,0,0,FALSE
dblp_932#acm_48,0,0,FALSE
dblp_2179#acm_1159,0,0,FALSE
dblp_2174#acm_1653,0,0,FALSE
dblp_1234#acm_2239,0,0,FALSE
dblp_110#acm_1975,0,0,FALSE
dblp_465#acm_971,0,0,FALSE
dblp_1815#acm_1915,0,0,FALSE
dblp_2183#acm_1500,0,0,FALSE
dblp_1248#acm_211,1,1,TRUE
dblp_1821#acm_1849,0,0,FALSE
dblp_942#acm_2129,0,0,FALSE
dblp_879#acm_1784,0,0,FALSE
dblp_2497#acm_87,0,0,FALSE
dblp_793#acm_1061,1,1,TRUE
dblp_528#acm_378,0,0,FALSE
dblp_378#acm_346,0,0,FALSE
dblp_472#acm_334,0,0,FALSE
dblp_320#acm_759,0,0,FALSE
dblp_992#acm_982,0,0,FALSE
dblp_349#acm_304,0,0,FALSE
dblp_797#acm_171,0,0,FALSE
dblp_766#acm_1847,0,0,FALSE
dblp_2497#acm_2239,0,0,FALSE
dblp_1206#acm_38,0,0,FALSE
dblp_1147#acm_354,0,0,FALSE
dblp_2036#acm_304,0,0,FALSE
dblp_2523#acm_1030,0,0,FALSE
dblp_2138#acm_586,0,0,FALSE
dblp_153#acm_694,0,0,FALSE
dblp_817#acm_782,0,0,FALSE
dblp_2473#acm_913,0,0,FALSE
dblp_103#acm_313,0,0,FALSE
dblp_18#acm_817,0,0,FALSE
dblp_751#acm_1209,0,0,FALSE
dblp_1159#acm_1799,0,0,FALSE
dblp_2532#acm_207,0,0,FALSE
dblp_405#acm_2138,1,1,TRUE
dblp_169#acm_1647,0,0,FALSE
dblp_1560#acm_445,0,0,FALSE
dblp_372#acm_323,0,0,FALSE
dblp_361#acm_614,0,0,FALSE
dblp_1799#acm_1479,0,0,FALSE
dblp_381#acm_576,0,0,FALSE
dblp_169#acm_873,0,0,FALSE
dblp_508#acm_639,0,0,FALSE
dblp_2595#acm_1884,0,0,FALSE
dblp_2206#acm_1418,0,0,FALSE
dblp_2224#acm_1918,0,0,FALSE
dblp_766#acm_961,0,0,FALSE
dblp_515#acm_1846,0,0,FALSE
dblp_209#acm_2184,1,1,TRUE
dblp_1249#acm_420,0,0,FALSE
dblp_1918#acm_1469,1,1,TRUE
dblp_1164#acm_1150,0,0,FALSE
dblp_1080#acm_562,0,0,FALSE
dblp_2402#acm_2240,1,1,TRUE
dblp_903#acm_2054,0,0,FALSE
dblp_252#acm_2227,0,0,FALSE
dblp_688#acm_990,0,0,FALSE
dblp_517#acm_1957,0,0,FALSE
dblp_374#acm_1547,0,0,FALSE
dblp_1770#acm_1583,0,0,FALSE
dblp_173#acm_1892,0,0,FALSE
dblp_2026#acm_1741,0,0,FALSE
dblp_1514#acm_2286,0,0,FALSE
dblp_63#acm_679,0,0,FALSE
dblp_386#acm_744,0,1,TRUE
dblp_2293#acm_1909,0,0,FALSE
dblp_1154#acm_1782,0,0,FALSE
dblp_2302#acm_1236,0,0,FALSE
dblp_1511#acm_2196,0,0,FALSE
dblp_1878#acm_991,0,0,FALSE
dblp_612#acm_1144,0,0,FALSE
dblp_2152#acm_1494,0,0,FALSE
dblp_198#acm_1609,0,0,FALSE
dblp_58#acm_1898,0,0,FALSE
dblp_1304#acm_1787,0,0,FALSE
dblp_1496#acm_1708,0,0,FALSE
dblp_1899#acm_2124,0,0,FALSE
dblp_1034#acm_1267,0,0,FALSE
dblp_1023#acm_163,1,1,TRUE
dblp_746#acm_1752,0,0,FALSE
dblp_2232#acm_1032,0,0,FALSE
dblp_1559#acm_336,0,0,FALSE
dblp_838#acm_576,0,0,FALSE
dblp_1079#acm_646,0,0,FALSE
dblp_999#acm_1312,1,1,TRUE
dblp_2261#acm_986,0,0,FALSE
dblp_1857#acm_694,0,0,FALSE
dblp_797#acm_589,0,0,FALSE
dblp_1943#acm_2273,0,0,FALSE
dblp_797#acm_1939,0,0,FALSE
dblp_2017#acm_19,1,1,TRUE
dblp_1536#acm_874,1,1,TRUE
dblp_2144#acm_595,0,0,FALSE
dblp_1114#acm_756,1,1,TRUE
dblp_2364#acm_207,0,0,FALSE
dblp_1511#acm_1764,0,0,FALSE
dblp_1041#acm_1833,1,1,TRUE
dblp_2232#acm_1317,0,0,FALSE
dblp_648#acm_414,1,1,TRUE
dblp_1685#acm_1215,0,0,FALSE
dblp_2217#acm_1648,0,0,FALSE
dblp_2386#acm_2119,0,0,FALSE
dblp_2503#acm_1108,0,0,FALSE
dblp_276#acm_651,1,1,TRUE
dblp_527#acm_51,1,1,TRUE
dblp_1870#acm_1898,0,0,FALSE
dblp_2497#acm_2243,0,0,FALSE
dblp_121#acm_1687,1,1,TRUE
dblp_366#acm_1719,1,1,TRUE
dblp_2140#acm_140,0,0,FALSE
dblp_229#acm_1534,0,0,FALSE
dblp_1879#acm_303,1,1,TRUE
dblp_1048#acm_127,0,0,FALSE
dblp_1968#acm_476,0,0,FALSE
dblp_1310#acm_1799,0,0,FALSE
dblp_1400#acm_1522,0,0,FALSE
dblp_1595#acm_291,0,0,FALSE
dblp_1513#acm_1891,1,1,TRUE
dblp_1181#acm_316,0,0,FALSE
dblp_146#acm_258,0,0,FALSE
dblp_70#acm_1356,0,0,FALSE
dblp_1717#acm_589,0,0,FALSE
dblp_781#acm_2245,0,0,FALSE
dblp_2485#acm_59,0,0,FALSE
dblp_630#acm_1102,0,0,FALSE
dblp_2144#acm_2128,0,0,FALSE
dblp_1430#acm_1687,0,0,FALSE
dblp_2132#acm_200,0,0,FALSE
dblp_2481#acm_917,0,0,FALSE
dblp_804#acm_1479,0,0,FALSE
dblp_467#acm_992,0,0,FALSE
dblp_1251#acm_406,0,0,FALSE
dblp_692#acm_1630,0,0,FALSE
dblp_1369#acm_2129,0,1,TRUE
dblp_467#acm_1197,1,1,TRUE
dblp_1644#acm_785,0,0,FALSE
dblp_279#acm_943,0,0,FALSE
dblp_1459#acm_4,0,0,FALSE
dblp_1011#acm_118,0,0,FALSE
dblp_2402#acm_1194,0,0,FALSE
dblp_1985#acm_66,0,0,FALSE
dblp_1836#acm_642,0,0,FALSE
dblp_1988#acm_179,0,0,FALSE
dblp_1732#acm_342,0,0,FALSE
dblp_734#acm_2154,0,0,FALSE
dblp_1498#acm_1203,1,1,TRUE
dblp_1346#acm_1284,0,0,FALSE
dblp_987#acm_1160,0,0,FALSE
dblp_865#acm_1416,0,0,FALSE
dblp_259#acm_618,0,0,FALSE
dblp_616#acm_955,0,0,FALSE
dblp_2146#acm_1437,0,0,FALSE
dblp_2296#acm_903,0,0,FALSE
dblp_890#acm_1075,0,0,FALSE
dblp_1807#acm_214,0,0,FALSE
dblp_2521#acm_1435,1,1,TRUE
dblp_223#acm_2240,0,0,FALSE
dblp_1753#acm_1472,0,0,FALSE
dblp_992#acm_1374,0,0,FALSE
dblp_698#acm_451,0,0,FALSE
dblp_472#acm_547,0,0,FALSE
dblp_1074#acm_347,0,0,FALSE
dblp_783#acm_1534,0,0,FALSE
dblp_440#acm_1040,0,0,FALSE
dblp_2242#acm_948,0,0,FALSE
dblp_1365#acm_589,0,0,FALSE
dblp_1849#acm_2017,1,1,TRUE
dblp_854#acm_1156,1,1,TRUE
dblp_2293#acm_1904,0,0,FALSE
dblp_1562#acm_196,0,0,FALSE
dblp_289#acm_171,0,0,FALSE
dblp_2517#acm_1804,0,0,FALSE
dblp_644#acm_384,0,0,FALSE
dblp_287#acm_2243,0,0,FALSE
dblp_644#acm_2276,0,0,FALSE
dblp_1400#acm_1884,0,0,FALSE
dblp_1901#acm_1679,0,0,FALSE
dblp_1901#acm_358,0,0,FALSE
dblp_734#acm_1773,0,0,FALSE
dblp_1384#acm_658,0,0,FALSE
dblp_1645#acm_526,0,0,FALSE
dblp_1662#acm_1052,0,0,FALSE
dblp_276#acm_1592,0,0,FALSE
dblp_1006#acm_727,1,1,TRUE
dblp_1082#acm_576,0,0,FALSE
dblp_1397#acm_1489,0,0,FALSE
dblp_879#acm_291,0,0,FALSE
dblp_2270#acm_1146,0,0,FALSE
dblp_29#acm_2280,1,1,TRUE
dblp_726#acm_649,0,1,TRUE
dblp_2085#acm_1441,0,0,FALSE
dblp_1791#acm_1649,0,0,FALSE
dblp_671#acm_1189,0,0,FALSE
dblp_1914#acm_927,0,0,FALSE
dblp_2406#acm_1083,1,1,TRUE
dblp_2256#acm_1115,1,1,TRUE
dblp_1294#acm_268,0,0,FALSE
dblp_2183#acm_1236,0,0,FALSE
dblp_861#acm_1884,0,0,FALSE
dblp_731#acm_1271,0,0,FALSE
dblp_2504#acm_914,0,0,FALSE
dblp_542#acm_1236,0,0,FALSE
dblp_850#acm_560,1,1,TRUE
dblp_476#acm_1413,0,0,FALSE
dblp_1011#acm_1521,0,0,FALSE
dblp_1644#acm_900,0,0,FALSE
dblp_1790#acm_1915,0,0,FALSE
dblp_2369#acm_1271,0,0,FALSE
dblp_783#acm_1419,0,0,FALSE
dblp_1430#acm_1306,0,0,FALSE
dblp_1052#acm_693,0,0,FALSE
dblp_2462#acm_1369,0,0,FALSE
dblp_287#acm_1205,0,0,FALSE
dblp_2514#acm_1690,0,0,FALSE
dblp_971#acm_1152,1,1,TRUE
dblp_2433#acm_127,0,0,FALSE
dblp_2091#acm_1123,0,0,FALSE
dblp_609#acm_1100,0,0,FALSE
dblp_411#acm_125,0,0,FALSE
dblp_1831#acm_2279,1,1,TRUE
dblp_1237#acm_1848,0,0,FALSE
dblp_2546#acm_1367,0,0,FALSE
dblp_1360#acm_1053,1,1,TRUE
dblp_1116#acm_4,0,0,FALSE
dblp_472#acm_226,1,1,TRUE
dblp_2308#acm_1640,0,0,FALSE
dblp_1082#acm_281,0,0,FALSE
dblp_1971#acm_1913,0,0,FALSE
dblp_1038#acm_1859,1,1,TRUE
dblp_1972#acm_1609,0,0,FALSE
dblp_273#acm_1650,0,0,FALSE
dblp_2429#acm_1929,0,0,FALSE
dblp_1576#acm_1850,0,0,FALSE
dblp_1795#acm_1046,0,0,FALSE
dblp_393#acm_1233,0,0,FALSE
dblp_182#acm_636,0,0,FALSE
dblp_2347#acm_1335,1,1,TRUE
dblp_1985#acm_2259,0,0,FALSE
dblp_1524#acm_917,0,0,FALSE
dblp_391#acm_1458,0,0,FALSE
dblp_2246#acm_1790,0,0,FALSE
dblp_1836#acm_713,0,0,FALSE
dblp_691#acm_2192,0,0,FALSE
dblp_1103#acm_1601,0,0,FALSE
dblp_1642#acm_939,0,0,FALSE
dblp_830#acm_1264,1,1,TRUE
dblp_210#acm_1873,0,0,FALSE
dblp_2246#acm_247,0,0,FALSE
dblp_2558#acm_1167,1,1,TRUE
dblp_1929#acm_471,1,1,TRUE
dblp_674#acm_1156,0,0,FALSE
dblp_1021#acm_346,0,0,FALSE
dblp_2109#acm_597,0,0,FALSE
dblp_87#acm_317,0,0,FALSE
dblp_2518#acm_1912,0,0,FALSE
dblp_2057#acm_1533,1,1,TRUE
dblp_496#acm_585,0,0,FALSE
dblp_1241#acm_1531,0,0,FALSE
dblp_384#acm_1146,0,0,FALSE
dblp_1560#acm_1408,0,0,FALSE
dblp_644#acm_1761,0,0,FALSE
dblp_631#acm_1026,0,0,FALSE
dblp_1285#acm_1987,0,0,FALSE
dblp_2520#acm_2207,0,0,FALSE
dblp_2148#acm_924,0,0,FALSE
dblp_385#acm_1883,0,0,FALSE
dblp_1494#acm_608,0,0,FALSE
dblp_964#acm_506,0,0,FALSE
dblp_1163#acm_48,0,0,FALSE
dblp_490#acm_226,0,0,FALSE
dblp_780#acm_792,0,0,FALSE
dblp_1119#acm_1578,0,0,FALSE
dblp_1701#acm_1272,0,0,FALSE
dblp_2053#acm_525,0,0,FALSE
dblp_3#acm_1915,0,0,FALSE
dblp_661#acm_585,0,0,FALSE
dblp_1009#acm_948,0,0,FALSE
dblp_1498#acm_1340,0,0,FALSE
dblp_1769#acm_693,1,1,TRUE
dblp_2259#acm_510,0,0,FALSE
dblp_1263#acm_586,0,0,FALSE
dblp_1138#acm_1870,0,0,FALSE
dblp_1648#acm_1645,0,0,FALSE
dblp_1452#acm_744,0,0,FALSE
dblp_979#acm_156,1,1,TRUE
dblp_1965#acm_428,0,0,FALSE
dblp_22#acm_1866,0,1,TRUE
dblp_804#acm_1447,0,0,FALSE
dblp_628#acm_1156,0,0,FALSE
dblp_836#acm_1981,0,0,FALSE
dblp_609#acm_1160,0,0,FALSE
dblp_1365#acm_501,0,0,FALSE
dblp_2118#acm_139,0,0,FALSE
dblp_2334#acm_956,0,0,FALSE
dblp_2147#acm_1825,0,0,FALSE
dblp_352#acm_988,1,1,TRUE
dblp_1044#acm_328,0,0,FALSE
dblp_1380#acm_2133,0,1,TRUE
dblp_272#acm_1427,0,0,FALSE
dblp_508#acm_397,0,0,FALSE
dblp_2345#acm_1819,1,1,TRUE
dblp_99#acm_1769,0,0,FALSE
dblp_1968#acm_62,0,0,FALSE
dblp_1531#acm_1801,0,0,FALSE
dblp_746#acm_287,0,0,FALSE
dblp_1680#acm_1985,1,1,TRUE
dblp_2308#acm_1023,0,0,FALSE
dblp_358#acm_665,1,1,TRUE
dblp_1664#acm_2016,0,0,FALSE
dblp_1540#acm_1471,0,0,FALSE
dblp_2115#acm_1156,0,0,FALSE
dblp_656#acm_48,0,0,FALSE
dblp_1139#acm_1704,0,0,FALSE
dblp_2271#acm_776,1,1,TRUE
dblp_1917#acm_160,0,0,FALSE
dblp_292#acm_674,1,1,TRUE
dblp_660#acm_1454,0,0,FALSE
dblp_2125#acm_1229,0,0,FALSE
dblp_1598#acm_221,1,1,TRUE
dblp_2244#acm_2290,0,0,FALSE
dblp_353#acm_2248,0,0,FALSE
dblp_978#acm_588,0,0,FALSE
dblp_1400#acm_2084,0,0,FALSE
dblp_411#acm_117,0,0,FALSE
dblp_354#acm_1217,0,0,FALSE
dblp_2548#acm_917,0,0,FALSE
dblp_1808#acm_1979,1,1,TRUE
dblp_162#acm_1160,0,0,FALSE
dblp_1121#acm_293,0,0,FALSE
dblp_508#acm_1862,0,0,FALSE
dblp_1057#acm_613,1,1,TRUE
dblp_2610#acm_93,0,0,FALSE
dblp_1201#acm_1522,0,0,FALSE
dblp_1662#acm_66,0,0,FALSE
dblp_804#acm_1787,0,0,FALSE
dblp_2224#acm_62,0,0,FALSE
dblp_1089#acm_1719,0,0,FALSE
dblp_417#acm_887,1,1,TRUE
dblp_2315#acm_576,0,0,FALSE
dblp_2191#acm_1150,0,0,FALSE
dblp_708#acm_344,0,0,FALSE
dblp_2009#acm_419,0,0,FALSE
dblp_1660#acm_1506,0,0,FALSE
dblp_1510#acm_1812,0,0,FALSE
dblp_2284#acm_284,1,1,TRUE
dblp_597#acm_1854,0,0,FALSE
dblp_22#acm_1699,0,0,FALSE
dblp_2013#acm_1505,0,0,FALSE
dblp_907#acm_924,0,0,FALSE
dblp_2553#acm_2104,0,0,FALSE
dblp_1629#acm_1978,1,1,TRUE
dblp_78#acm_1697,0,0,FALSE
dblp_760#acm_99,0,0,FALSE
dblp_509#acm_197,0,0,FALSE
dblp_2603#acm_1829,0,0,FALSE
dblp_309#acm_2107,0,0,FALSE
dblp_2232#acm_1479,0,0,FALSE
dblp_816#acm_38,0,0,FALSE
dblp_1020#acm_1746,0,0,FALSE
dblp_1555#acm_1020,0,0,FALSE
dblp_306#acm_722,0,0,FALSE
dblp_2508#acm_2124,0,0,FALSE
dblp_393#acm_1698,0,0,FALSE
dblp_386#acm_668,0,1,TRUE
dblp_973#acm_1761,0,0,FALSE
dblp_5#acm_49,1,1,TRUE
dblp_240#acm_1704,0,0,FALSE
dblp_1706#acm_1598,0,0,FALSE
dblp_1685#acm_1976,0,0,FALSE
dblp_1380#acm_669,0,0,FALSE
dblp_593#acm_1769,0,0,FALSE
dblp_1119#acm_1225,0,0,FALSE
dblp_2537#acm_625,1,1,TRUE
dblp_381#acm_97,0,0,FALSE
dblp_1892#acm_1831,0,0,FALSE
dblp_861#acm_2253,1,1,TRUE
dblp_1458#acm_1988,0,0,FALSE
dblp_958#acm_546,0,0,FALSE
dblp_6#acm_746,1,1,TRUE
dblp_674#acm_1831,0,0,FALSE
dblp_1088#acm_1033,0,0,FALSE
dblp_2468#acm_1313,0,0,FALSE
dblp_1587#acm_454,0,0,FALSE
dblp_1891#acm_468,0,0,FALSE
dblp_1950#acm_2111,0,0,FALSE
dblp_1251#acm_1758,0,0,FALSE
dblp_2502#acm_1278,1,1,TRUE
dblp_595#acm_296,0,0,FALSE
dblp_661#acm_510,0,0,FALSE
dblp_460#acm_369,1,1,TRUE
dblp_1047#acm_1541,0,0,FALSE
dblp_2369#acm_1021,0,0,FALSE
dblp_1151#acm_229,0,0,FALSE
dblp_411#acm_1823,1,1,TRUE
dblp_1020#acm_1689,0,0,FALSE
dblp_2037#acm_782,0,0,FALSE
dblp_392#acm_98,0,0,FALSE
dblp_406#acm_1413,0,0,FALSE
dblp_1753#acm_1873,0,0,FALSE
dblp_485#acm_109,1,1,TRUE
dblp_2455#acm_570,1,1,TRUE
dblp_2315#acm_1261,0,0,FALSE
dblp_2019#acm_1773,1,1,TRUE
dblp_2452#acm_589,0,0,FALSE
dblp_760#acm_836,1,1,TRUE
dblp_287#acm_1912,0,0,FALSE
dblp_1556#acm_537,0,0,FALSE
dblp_1168#acm_1254,0,0,FALSE
dblp_314#acm_1444,0,0,FALSE
dblp_695#acm_2283,0,0,FALSE
dblp_1471#acm_1125,0,0,FALSE
dblp_1445#acm_1432,0,0,FALSE
dblp_2308#acm_992,0,0,FALSE
dblp_1808#acm_259,0,0,FALSE
dblp_137#acm_1831,1,1,TRUE
dblp_1546#acm_2250,0,0,FALSE
dblp_287#acm_2239,0,0,FALSE
dblp_935#acm_556,0,0,FALSE
dblp_2262#acm_81,0,0,FALSE
dblp_2036#acm_1622,0,0,FALSE
dblp_1491#acm_1320,0,0,FALSE
dblp_2131#acm_1534,0,0,FALSE
dblp_644#acm_1179,0,0,FALSE
dblp_1496#acm_1614,0,0,FALSE
dblp_996#acm_1552,1,1,TRUE
dblp_231#acm_1023,0,0,FALSE
dblp_472#acm_526,0,0,FALSE
dblp_1689#acm_1490,0,0,FALSE
dblp_579#acm_1949,0,0,FALSE
dblp_1542#acm_1182,0,0,FALSE
dblp_1664#acm_640,0,0,FALSE
dblp_1685#acm_2261,0,0,FALSE
dblp_2369#acm_76,0,0,FALSE
dblp_783#acm_1641,0,0,FALSE
dblp_2178#acm_379,0,0,FALSE
dblp_778#acm_1935,0,0,FALSE
dblp_412#acm_1523,1,1,TRUE
dblp_1119#acm_1614,1,1,TRUE
dblp_699#acm_1800,0,0,FALSE
dblp_78#acm_1445,0,0,FALSE
dblp_1201#acm_1894,0,0,FALSE
dblp_561#acm_1969,0,0,FALSE
dblp_85#acm_1539,1,1,TRUE
dblp_1915#acm_1320,0,0,FALSE
dblp_1263#acm_1026,0,0,FALSE
dblp_368#acm_1777,0,0,FALSE
dblp_304#acm_546,0,0,FALSE
dblp_130#acm_663,0,0,FALSE
dblp_1763#acm_2159,0,0,FALSE
dblp_1403#acm_2150,0,1,TRUE
dblp_288#acm_1515,1,1,TRUE
dblp_1876#acm_2030,1,1,TRUE
dblp_2302#acm_1254,0,0,FALSE
dblp_3#acm_219,0,0,FALSE
dblp_1428#acm_1588,0,0,FALSE
dblp_1514#acm_849,0,0,FALSE
dblp_912#acm_145,1,1,TRUE
dblp_437#acm_1152,0,0,FALSE
dblp_1552#acm_1320,0,0,FALSE
dblp_94#acm_1827,0,0,FALSE
dblp_494#acm_1492,1,1,TRUE
dblp_2051#acm_215,0,0,FALSE
dblp_907#acm_564,0,0,FALSE
dblp_1989#acm_663,0,0,FALSE
dblp_1026#acm_794,1,1,TRUE
dblp_2259#acm_704,0,0,FALSE
dblp_341#acm_1052,0,0,FALSE
dblp_9#acm_1051,0,0,FALSE
dblp_2088#acm_1032,0,0,FALSE
dblp_1706#acm_919,0,0,FALSE
dblp_2209#acm_1511,0,0,FALSE
dblp_1975#acm_1084,0,0,FALSE
dblp_409#acm_788,1,1,TRUE
dblp_2193#acm_918,0,1,TRUE
dblp_1806#acm_1372,1,1,TRUE
dblp_3#acm_1182,0,0,FALSE
dblp_1830#acm_949,0,0,FALSE
dblp_688#acm_1675,0,0,FALSE
dblp_2011#acm_692,1,1,TRUE
dblp_1631#acm_1637,0,0,FALSE
dblp_441#acm_1334,0,0,FALSE
dblp_2367#acm_1023,0,0,FALSE
dblp_816#acm_1652,0,0,FALSE
dblp_690#acm_1048,0,0,FALSE
dblp_667#acm_899,0,0,FALSE
dblp_2108#acm_1413,0,0,FALSE
dblp_944#acm_1234,0,0,FALSE
dblp_2602#acm_1847,0,0,FALSE
dblp_2040#acm_476,0,0,FALSE
dblp_1469#acm_480,0,0,FALSE
dblp_1439#acm_1969,0,0,FALSE
dblp_1676#acm_762,0,1,TRUE
dblp_2532#acm_1637,0,0,FALSE
dblp_2540#acm_1205,0,0,FALSE
dblp_688#acm_152,0,0,FALSE
dblp_2536#acm_1135,0,0,FALSE
dblp_2144#acm_663,0,0,FALSE
dblp_706#acm_345,1,1,TRUE
dblp_508#acm_1898,0,0,FALSE
dblp_2391#acm_564,0,0,FALSE
dblp_1020#acm_2152,0,0,FALSE
dblp_2296#acm_1939,0,0,FALSE
dblp_1578#acm_1522,0,0,FALSE
dblp_1799#acm_1317,0,0,FALSE
dblp_508#acm_171,0,0,FALSE
dblp_1887#acm_992,0,0,FALSE
dblp_1631#acm_256,0,0,FALSE
dblp_343#acm_1783,0,0,FALSE
dblp_196#acm_1652,0,0,FALSE
dblp_1646#acm_777,0,0,FALSE
dblp_9#acm_1233,0,0,FALSE
dblp_1118#acm_225,0,0,FALSE
dblp_2278#acm_1786,1,1,TRUE
dblp_471#acm_1239,1,1,TRUE
dblp_671#acm_917,0,0,FALSE
dblp_2552#acm_1471,0,0,FALSE
dblp_384#acm_1692,0,0,FALSE
dblp_1107#acm_488,0,0,FALSE
dblp_1738#acm_1600,0,0,FALSE
dblp_241#acm_2095,1,1,TRUE
dblp_992#acm_104,0,0,FALSE
dblp_234#acm_2207,1,1,TRUE
dblp_1310#acm_1754,0,0,FALSE
dblp_1705#acm_2234,0,0,FALSE
dblp_1089#acm_139,0,0,FALSE
dblp_2183#acm_1761,0,0,FALSE
dblp_162#acm_459,0,0,FALSE
dblp_2210#acm_372,0,0,FALSE
dblp_60#acm_832,1,1,TRUE
dblp_834#acm_620,0,0,FALSE
dblp_122#acm_464,1,1,TRUE
dblp_2574#acm_501,0,0,FALSE
dblp_815#acm_2182,0,0,FALSE
dblp_2553#acm_1805,0,0,FALSE
dblp_2346#acm_2087,0,0,FALSE
dblp_2359#acm_913,0,0,FALSE
dblp_2546#acm_1393,0,0,FALSE
dblp_267#acm_384,1,1,TRUE
dblp_1219#acm_882,1,1,TRUE
dblp_2096#acm_1675,0,0,FALSE
dblp_1304#acm_1035,0,0,FALSE
dblp_2595#acm_1217,0,0,FALSE
dblp_2334#acm_1831,0,0,FALSE
dblp_1516#acm_643,1,1,TRUE
dblp_1216#acm_1347,0,0,FALSE
dblp_1510#acm_1771,0,0,FALSE
dblp_1871#acm_2056,0,0,FALSE
dblp_746#acm_1313,0,0,FALSE
dblp_2424#acm_2192,0,0,FALSE
dblp_2358#acm_1494,0,0,FALSE
dblp_252#acm_304,0,0,FALSE
dblp_1707#acm_424,1,1,TRUE
dblp_1757#acm_1476,1,1,TRUE
dblp_2421#acm_1150,0,0,FALSE
dblp_627#acm_1588,1,1,TRUE
dblp_1107#acm_576,0,0,FALSE
dblp_778#acm_2047,0,0,FALSE
dblp_1361#acm_1927,0,0,FALSE
dblp_393#acm_1862,0,0,FALSE
dblp_1307#acm_1888,0,0,FALSE
dblp_11#acm_1918,0,0,FALSE
dblp_1546#acm_2010,0,0,FALSE
dblp_459#acm_930,0,0,FALSE
dblp_110#acm_2246,0,0,FALSE
dblp_370#acm_1600,0,0,FALSE
dblp_1637#acm_1055,0,0,FALSE
dblp_228#acm_1164,0,0,FALSE
dblp_348#acm_1865,0,0,FALSE
dblp_1120#acm_1092,1,1,TRUE
dblp_1310#acm_48,0,0,FALSE
dblp_2448#acm_877,0,0,FALSE
dblp_889#acm_1827,0,0,FALSE
dblp_223#acm_1885,0,0,FALSE
dblp_257#acm_2034,1,1,TRUE
dblp_1279#acm_2255,0,0,FALSE
dblp_1969#acm_1323,0,0,FALSE
dblp_1491#acm_1998,0,0,FALSE
dblp_1438#acm_760,0,0,FALSE
dblp_158#acm_2286,0,0,FALSE
dblp_383#acm_860,0,0,FALSE
dblp_2287#acm_913,0,0,FALSE
dblp_1863#acm_411,0,0,FALSE
dblp_887#acm_2002,1,1,TRUE
dblp_738#acm_413,0,1,TRUE
dblp_2509#acm_917,0,0,FALSE
dblp_1016#acm_1273,0,0,FALSE
dblp_1882#acm_112,1,1,TRUE
dblp_737#acm_1353,0,0,FALSE
dblp_1126#acm_1186,0,0,FALSE
dblp_2511#acm_1427,0,0,FALSE
dblp_572#acm_1385,1,1,TRUE
dblp_1870#acm_1938,1,1,TRUE
dblp_244#acm_809,0,0,FALSE
dblp_797#acm_1225,0,0,FALSE
dblp_1415#acm_2255,1,1,TRUE
dblp_533#acm_954,0,0,FALSE
dblp_2188#acm_2207,0,0,FALSE
dblp_1614#acm_2046,1,1,TRUE
dblp_2570#acm_848,0,0,FALSE
dblp_31#acm_12,0,0,FALSE
dblp_576#acm_644,1,1,TRUE
dblp_2371#acm_2184,0,0,FALSE
dblp_2589#acm_647,0,0,FALSE
dblp_2329#acm_1889,0,0,FALSE
dblp_2601#acm_546,0,0,FALSE
dblp_1118#acm_1976,0,0,FALSE
dblp_1149#acm_280,0,0,FALSE
dblp_2540#acm_1976,0,0,FALSE
dblp_69#acm_1664,0,0,FALSE
dblp_1953#acm_1164,0,0,FALSE
dblp_1752#acm_1455,0,0,FALSE
dblp_2267#acm_2175,0,0,FALSE
dblp_52#acm_1680,1,1,TRUE
dblp_2056#acm_1442,0,0,FALSE
dblp_1989#acm_1707,0,0,FALSE
dblp_2497#acm_1035,0,0,FALSE
dblp_2098#acm_1918,0,0,FALSE
dblp_1938#acm_642,0,0,FALSE
dblp_1400#acm_262,0,0,FALSE
dblp_1558#acm_542,0,0,FALSE
dblp_2520#acm_1771,0,0,FALSE
dblp_1054#acm_1932,0,0,FALSE
dblp_783#acm_1463,0,0,FALSE
dblp_891#acm_88,1,1,TRUE
dblp_2450#acm_1353,0,0,FALSE
dblp_1034#acm_1170,0,0,FALSE
dblp_2409#acm_1571,0,0,FALSE
dblp_1648#acm_614,1,1,TRUE
dblp_2395#acm_480,0,0,FALSE
dblp_2602#acm_4,0,0,FALSE
dblp_727#acm_304,0,0,FALSE
dblp_1276#acm_1909,0,0,FALSE
dblp_472#acm_927,0,0,FALSE
dblp_1538#acm_771,0,0,FALSE
dblp_1428#acm_1951,0,0,FALSE
dblp_180#acm_1668,1,1,TRUE
dblp_1220#acm_279,0,0,FALSE
dblp_705#acm_904,0,1,TRUE
dblp_1361#acm_1057,0,0,FALSE
dblp_2486#acm_2240,0,0,FALSE
dblp_2088#acm_1027,0,0,FALSE
dblp_1835#acm_184,1,1,TRUE
dblp_1093#acm_343,0,0,FALSE
dblp_690#acm_1194,0,0,FALSE
dblp_1689#acm_1756,0,0,FALSE
dblp_444#acm_304,0,0,FALSE
dblp_1733#acm_986,0,0,FALSE
dblp_667#acm_2152,1,1,TRUE
dblp_317#acm_1912,0,0,FALSE
dblp_925#acm_1513,0,0,FALSE
dblp_2527#acm_666,0,0,FALSE
dblp_2402#acm_1215,0,0,FALSE
dblp_856#acm_1313,0,0,FALSE
dblp_839#acm_991,0,0,FALSE
dblp_644#acm_346,0,0,FALSE
dblp_1601#acm_2067,1,1,TRUE
dblp_1480#acm_1799,0,0,FALSE
dblp_1206#acm_1728,1,1,TRUE
dblp_872#acm_1926,0,0,FALSE
dblp_747#acm_1758,0,0,FALSE
dblp_20#acm_913,0,0,FALSE
dblp_1089#acm_1508,0,0,FALSE
dblp_1512#acm_2104,0,0,FALSE
dblp_2599#acm_1004,0,0,FALSE
dblp_2494#acm_1672,0,0,FALSE
dblp_1261#acm_1527,0,0,FALSE
dblp_2595#acm_1190,0,0,FALSE
dblp_36#acm_577,0,0,FALSE
dblp_747#acm_243,0,0,FALSE
dblp_790#acm_1149,0,0,FALSE
dblp_289#acm_262,0,0,FALSE
dblp_1662#acm_1630,0,0,FALSE
dblp_987#acm_1667,0,0,FALSE
dblp_466#acm_1836,0,0,FALSE
dblp_1247#acm_1622,0,0,FALSE
dblp_2108#acm_1873,0,0,FALSE
dblp_2461#acm_1260,1,1,TRUE
dblp_980#acm_1664,1,1,TRUE
dblp_623#acm_620,0,0,FALSE
dblp_1440#acm_1020,0,0,FALSE
dblp_644#acm_1630,0,0,FALSE
dblp_1828#acm_1808,0,0,FALSE
dblp_1193#acm_2270,1,1,TRUE
dblp_718#acm_1023,0,0,FALSE
dblp_1448#acm_1313,0,0,FALSE
dblp_2062#acm_940,0,0,FALSE
dblp_948#acm_506,0,0,FALSE
dblp_789#acm_14,0,0,FALSE
dblp_2149#acm_1017,0,0,FALSE
dblp_393#acm_2250,1,1,TRUE
dblp_1753#acm_1600,0,0,FALSE
dblp_1771#acm_919,0,0,FALSE
dblp_1741#acm_1179,0,0,FALSE
dblp_755#acm_1787,0,0,FALSE
dblp_573#acm_1330,1,1,TRUE
dblp_1284#acm_2109,0,0,FALSE
dblp_1277#acm_42,1,1,TRUE
dblp_405#acm_1909,0,0,FALSE
dblp_228#acm_306,0,0,FALSE
dblp_391#acm_1100,1,1,TRUE
dblp_2369#acm_873,0,0,FALSE
dblp_1234#acm_1641,1,1,TRUE
dblp_1921#acm_1371,0,0,FALSE
dblp_2421#acm_1827,0,0,FALSE
dblp_1347#acm_688,0,0,FALSE
dblp_1481#acm_1431,0,0,FALSE
dblp_1790#acm_1650,0,0,FALSE
dblp_35#acm_1795,0,0,FALSE
dblp_7#acm_1650,0,0,FALSE
dblp_701#acm_789,1,1,TRUE
dblp_909#acm_171,0,0,FALSE
dblp_1197#acm_1081,1,1,TRUE
dblp_133#acm_179,0,0,FALSE
dblp_1721#acm_2023,1,1,TRUE
dblp_2296#acm_1577,0,0,FALSE
dblp_683#acm_886,0,0,FALSE
dblp_234#acm_828,0,0,FALSE
dblp_1459#acm_1479,0,0,FALSE
dblp_153#acm_1442,0,0,FALSE
dblp_2448#acm_1790,0,0,FALSE
dblp_667#acm_229,0,0,FALSE
dblp_1268#acm_863,1,1,TRUE
dblp_182#acm_1596,0,0,FALSE
dblp_1753#acm_1161,0,0,FALSE
dblp_625#acm_978,1,1,TRUE
dblp_723#acm_1560,1,1,TRUE
dblp_659#acm_2042,1,1,TRUE
dblp_1990#acm_1902,0,0,FALSE
dblp_579#acm_1857,0,0,FALSE
dblp_371#acm_1280,0,0,FALSE
dblp_69#acm_1205,0,0,FALSE
dblp_2497#acm_1479,0,0,FALSE
dblp_394#acm_65,0,0,FALSE
dblp_2504#acm_229,0,0,FALSE
dblp_2518#acm_1320,0,0,FALSE
dblp_61#acm_728,1,1,TRUE
dblp_1112#acm_1299,1,1,TRUE
dblp_1573#acm_350,1,1,TRUE
dblp_2261#acm_1506,0,0,FALSE
dblp_1814#acm_1496,1,1,TRUE
dblp_2335#acm_548,0,0,FALSE
dblp_1182#acm_818,1,1,TRUE
dblp_1878#acm_1152,0,0,FALSE
dblp_1457#acm_1836,0,0,FALSE
dblp_2014#acm_1745,0,0,FALSE
dblp_1337#acm_1354,0,0,FALSE
dblp_1119#acm_378,0,0,FALSE
dblp_1960#acm_1582,1,1,TRUE
dblp_2330#acm_1056,1,1,TRUE
dblp_1347#acm_1560,0,0,FALSE
dblp_2148#acm_564,0,1,TRUE
dblp_1829#acm_1912,0,0,FALSE
dblp_2279#acm_1414,1,1,TRUE
dblp_2409#acm_49,0,0,FALSE
dblp_1738#acm_689,0,0,FALSE
dblp_34#acm_1072,0,0,FALSE
dblp_734#acm_655,0,0,FALSE
dblp_2091#acm_1576,0,0,FALSE
dblp_279#acm_1401,1,1,TRUE
dblp_2331#acm_1806,0,0,FALSE
dblp_2150#acm_259,0,0,FALSE
dblp_1856#acm_1283,0,0,FALSE
dblp_69#acm_218,0,0,FALSE
dblp_843#acm_585,0,0,FALSE
dblp_696#acm_1875,1,1,TRUE
dblp_78#acm_1758,0,0,FALSE
dblp_266#acm_125,0,0,FALSE
dblp_1304#acm_218,0,0,FALSE
dblp_2406#acm_943,0,0,FALSE
dblp_2129#acm_372,0,0,FALSE
dblp_1160#acm_546,0,0,FALSE
dblp_804#acm_1631,0,0,FALSE
dblp_1985#acm_2276,0,0,FALSE
dblp_287#acm_582,0,0,FALSE
dblp_757#acm_1837,0,0,FALSE
dblp_69#acm_1630,0,0,FALSE
dblp_50#acm_1279,0,0,FALSE
dblp_1138#acm_1005,0,0,FALSE
dblp_678#acm_191,0,0,FALSE
dblp_690#acm_1884,0,0,FALSE
dblp_1287#acm_1812,0,0,FALSE
dblp_1969#acm_1765,0,0,FALSE
dblp_2137#acm_469,0,0,FALSE
dblp_2069#acm_1512,0,0,FALSE
dblp_840#acm_1869,0,0,FALSE
dblp_822#acm_1265,0,0,FALSE
dblp_2593#acm_832,0,0,FALSE
dblp_2302#acm_1159,0,0,FALSE
dblp_133#acm_458,0,0,FALSE
dblp_1773#acm_641,1,1,TRUE
dblp_1968#acm_340,0,0,FALSE
dblp_496#acm_850,0,0,FALSE
dblp_1302#acm_2194,1,1,TRUE
dblp_2546#acm_1890,0,0,FALSE
dblp_1380#acm_2202,1,1,TRUE
dblp_1881#acm_1443,0,0,FALSE
dblp_2066#acm_1615,0,0,FALSE
dblp_117#acm_596,1,1,TRUE
dblp_1103#acm_742,0,0,FALSE
dblp_1128#acm_347,0,0,FALSE
dblp_1126#acm_1640,0,0,FALSE
dblp_1134#acm_2026,1,1,TRUE
dblp_2178#acm_1440,0,0,FALSE
dblp_1765#acm_293,0,0,FALSE
dblp_2294#acm_886,0,0,FALSE
dblp_1676#acm_1345,0,0,FALSE
dblp_155#acm_255,0,0,FALSE
dblp_319#acm_824,1,1,TRUE
dblp_1542#acm_1179,0,0,FALSE
dblp_1366#acm_1459,0,0,FALSE
dblp_1470#acm_1274,0,0,FALSE
dblp_1985#acm_1663,0,0,FALSE
dblp_2570#acm_2227,1,1,TRUE
dblp_1015#acm_1512,0,0,FALSE
dblp_1748#acm_1557,0,0,FALSE
dblp_1613#acm_723,0,0,FALSE
dblp_1243#acm_1409,0,0,FALSE
dblp_234#acm_444,0,0,FALSE
dblp_2137#acm_2061,0,0,FALSE
dblp_572#acm_528,0,0,FALSE
dblp_1857#acm_782,0,0,FALSE
dblp_651#acm_723,0,0,FALSE
dblp_2371#acm_917,0,0,FALSE
dblp_1542#acm_1125,0,0,FALSE
dblp_76#acm_232,0,0,FALSE
dblp_988#acm_1026,0,0,FALSE
dblp_2561#acm_1649,0,0,FALSE
dblp_747#acm_1751,0,0,FALSE
dblp_844#acm_1199,0,0,FALSE
dblp_1496#acm_1669,0,0,FALSE
dblp_341#acm_109,0,0,FALSE
dblp_183#acm_518,0,0,FALSE
dblp_130#acm_2064,0,0,FALSE
dblp_1117#acm_49,0,0,FALSE
dblp_1397#acm_425,0,0,FALSE
dblp_2422#acm_1825,1,1,TRUE
dblp_664#acm_814,0,0,FALSE
dblp_1271#acm_38,0,0,FALSE
dblp_856#acm_1752,0,0,FALSE
dblp_1365#acm_372,0,0,FALSE
dblp_653#acm_547,0,0,FALSE
dblp_1107#acm_4,0,0,FALSE
dblp_2096#acm_428,0,0,FALSE
dblp_341#acm_569,0,0,FALSE
dblp_378#acm_87,0,0,FALSE
dblp_1385#acm_48,0,0,FALSE
dblp_672#acm_114,1,1,TRUE
dblp_1514#acm_2085,0,0,FALSE
dblp_2341#acm_262,0,0,FALSE
dblp_2478#acm_381,1,1,TRUE
dblp_2451#acm_2182,0,0,FALSE
dblp_146#acm_2146,0,0,FALSE
dblp_449#acm_1884,0,0,FALSE
dblp_1194#acm_2177,1,1,TRUE
dblp_1481#acm_2010,0,0,FALSE
dblp_884#acm_1358,1,1,TRUE
dblp_1849#acm_2022,0,0,FALSE
dblp_612#acm_418,0,0,FALSE
dblp_1656#acm_557,1,1,TRUE
dblp_1118#acm_1912,0,0,FALSE
dblp_1240#acm_1711,0,0,FALSE
dblp_55#acm_2231,0,0,FALSE
dblp_2268#acm_202,0,0,FALSE
dblp_2492#acm_974,0,0,FALSE
dblp_57#acm_859,0,0,FALSE
dblp_1096#acm_1833,0,0,FALSE
dblp_2131#acm_576,0,0,FALSE
dblp_57#acm_2152,0,0,FALSE
dblp_932#acm_952,0,0,FALSE
dblp_2155#acm_1356,0,0,FALSE
dblp_419#acm_1124,0,0,FALSE
dblp_2598#acm_419,0,0,FALSE
dblp_2295#acm_1130,0,0,FALSE
dblp_2464#acm_284,0,0,FALSE
dblp_2161#acm_2107,0,0,FALSE
dblp_366#acm_1097,0,0,FALSE
dblp_1249#acm_538,1,1,TRUE
dblp_19#acm_2119,0,0,FALSE
dblp_588#acm_1729,1,1,TRUE
dblp_1098#acm_2019,0,0,FALSE
dblp_459#acm_1614,0,0,FALSE
dblp_535#acm_584,1,1,TRUE
dblp_1528#acm_1803,0,1,TRUE
dblp_857#acm_1864,0,0,FALSE
dblp_743#acm_1223,0,0,FALSE
dblp_2426#acm_1906,0,0,FALSE
dblp_1129#acm_1962,0,0,FALSE
dblp_457#acm_143,1,1,TRUE
dblp_378#acm_591,0,0,FALSE
dblp_1479#acm_60,0,0,FALSE
dblp_865#acm_2245,0,0,FALSE
dblp_766#acm_337,0,0,FALSE
dblp_1600#acm_2007,0,0,FALSE
dblp_1282#acm_542,0,0,FALSE
dblp_1722#acm_1426,0,0,FALSE
dblp_1636#acm_453,1,1,TRUE
dblp_2546#acm_865,0,0,FALSE
dblp_2209#acm_1407,0,0,FALSE
dblp_2409#acm_1471,0,0,FALSE
dblp_289#acm_1697,1,1,TRUE
dblp_2210#acm_1490,0,0,FALSE
dblp_690#acm_1675,0,0,FALSE
dblp_289#acm_1758,0,0,FALSE
dblp_959#acm_1674,0,0,FALSE
dblp_1339#acm_879,0,0,FALSE
dblp_1252#acm_333,0,0,FALSE
dblp_2150#acm_220,0,0,FALSE
dblp_2076#acm_2032,1,1,TRUE
dblp_1123#acm_331,0,0,FALSE
dblp_2551#acm_1436,1,1,TRUE
dblp_287#acm_577,0,0,FALSE
dblp_1233#acm_316,0,0,FALSE
dblp_1126#acm_255,0,0,FALSE
dblp_726#acm_334,0,0,FALSE
dblp_2317#acm_469,0,0,FALSE
dblp_852#acm_841,1,1,TRUE
dblp_713#acm_2063,0,0,FALSE
dblp_1279#acm_1939,0,0,FALSE
dblp_2573#acm_246,0,0,FALSE
dblp_1267#acm_454,1,1,TRUE
dblp_1668#acm_1973,0,0,FALSE
dblp_786#acm_1345,0,0,FALSE
dblp_1278#acm_1276,0,0,FALSE
dblp_1546#acm_1048,0,0,FALSE
dblp_2460#acm_2159,1,1,TRUE
dblp_11#acm_639,0,0,FALSE
dblp_1874#acm_28,0,0,FALSE
dblp_2036#acm_1191,0,0,FALSE
dblp_325#acm_958,1,1,TRUE
dblp_158#acm_299,0,0,FALSE
dblp_1664#acm_1962,0,0,FALSE
dblp_734#acm_742,0,0,FALSE
dblp_2294#acm_1511,0,0,FALSE
dblp_462#acm_2105,0,0,FALSE
dblp_182#acm_232,0,0,FALSE
dblp_2013#acm_1752,0,0,FALSE
dblp_279#acm_1138,0,0,FALSE
dblp_2562#acm_1072,0,0,FALSE
dblp_20#acm_501,0,0,FALSE
dblp_1163#acm_1313,0,0,FALSE
dblp_644#acm_848,0,0,FALSE
dblp_20#acm_482,0,0,FALSE
dblp_783#acm_848,0,0,FALSE
dblp_66#acm_1892,0,0,FALSE
dblp_1740#acm_169,1,1,TRUE
dblp_2477#acm_1775,0,0,FALSE
dblp_1487#acm_815,1,1,TRUE
dblp_2391#acm_546,0,0,FALSE
dblp_146#acm_1812,1,1,TRUE
dblp_56#acm_263,1,1,TRUE
dblp_371#acm_1026,0,0,FALSE
dblp_2010#acm_2191,1,1,TRUE
dblp_391#acm_807,0,0,FALSE
dblp_2313#acm_1443,0,0,FALSE
dblp_786#acm_1418,0,0,FALSE
dblp_1086#acm_1178,0,0,FALSE
dblp_1159#acm_127,0,0,FALSE
dblp_1310#acm_287,0,0,FALSE
dblp_94#acm_952,0,0,FALSE
dblp_953#acm_1489,0,0,FALSE
dblp_1365#acm_480,0,0,FALSE
dblp_11#acm_1675,0,0,FALSE
dblp_639#acm_1961,0,0,FALSE
dblp_20#acm_480,0,0,FALSE
dblp_1393#acm_1959,0,0,FALSE
dblp_317#acm_1463,0,0,FALSE
dblp_1386#acm_1853,1,1,TRUE
dblp_1304#acm_1998,0,0,FALSE
dblp_2520#acm_1812,0,0,FALSE
dblp_1310#acm_476,0,0,FALSE
dblp_394#acm_1505,0,0,FALSE
dblp_968#acm_650,0,0,FALSE
dblp_2429#acm_70,0,0,FALSE
dblp_1126#acm_695,0,0,FALSE
dblp_925#acm_304,0,0,FALSE
dblp_1565#acm_1460,0,0,FALSE
dblp_1502#acm_676,0,0,FALSE
dblp_1702#acm_396,0,0,FALSE
dblp_770#acm_372,0,0,FALSE
dblp_2561#acm_2019,0,0,FALSE
dblp_1361#acm_1907,0,0,FALSE
dblp_345#acm_1556,1,1,TRUE
dblp_131#acm_924,0,0,FALSE
dblp_1090#acm_1733,0,0,FALSE
dblp_234#acm_1802,0,0,FALSE
dblp_2288#acm_285,0,0,FALSE
dblp_1297#acm_700,0,0,FALSE
dblp_1695#acm_928,0,0,FALSE
dblp_69#acm_1215,0,0,FALSE
dblp_1856#acm_1820,1,1,TRUE
dblp_94#acm_971,0,0,FALSE
dblp_1243#acm_1548,0,0,FALSE
dblp_2155#acm_895,0,0,FALSE
dblp_69#acm_2259,0,0,FALSE
dblp_839#acm_1829,0,0,FALSE
dblp_9#acm_1898,0,0,FALSE
dblp_246#acm_1982,0,0,FALSE
dblp_2546#acm_197,0,0,FALSE
dblp_74#acm_342,0,0,FALSE
dblp_838#acm_1100,0,0,FALSE
dblp_662#acm_10,0,0,FALSE
dblp_2376#acm_1597,0,0,FALSE
dblp_144#acm_1223,0,0,FALSE
dblp_2361#acm_1384,1,1,TRUE
dblp_2123#acm_1898,0,0,FALSE
dblp_1279#acm_1924,0,0,FALSE
dblp_976#acm_1805,0,0,FALSE
dblp_1645#acm_527,0,0,FALSE
dblp_1152#acm_1075,0,0,FALSE
dblp_995#acm_1445,1,1,TRUE
dblp_206#acm_1847,0,0,FALSE
dblp_1309#acm_1208,0,0,FALSE
dblp_1654#acm_450,1,1,TRUE
dblp_2355#acm_586,0,0,FALSE
dblp_1568#acm_644,0,0,FALSE
dblp_1857#acm_1164,0,0,FALSE
dblp_959#acm_715,0,0,FALSE
dblp_1576#acm_1630,0,0,FALSE
dblp_1346#acm_171,0,0,FALSE
dblp_472#acm_650,0,0,FALSE
dblp_209#acm_1216,0,0,FALSE
dblp_2151#acm_378,0,0,FALSE
dblp_877#acm_589,0,0,FALSE
dblp_567#acm_1456,1,1,TRUE
dblp_2303#acm_284,0,0,FALSE
dblp_801#acm_908,1,1,TRUE
dblp_1227#acm_1346,1,1,TRUE
dblp_272#acm_313,0,0,FALSE
dblp_2252#acm_414,0,0,FALSE
dblp_2489#acm_1209,0,0,FALSE
dblp_705#acm_669,0,1,TRUE
dblp_2246#acm_1812,0,0,FALSE
dblp_833#acm_479,0,0,FALSE
dblp_1540#acm_1205,0,0,FALSE
dblp_692#acm_2276,0,0,FALSE
dblp_1428#acm_2155,0,0,FALSE
dblp_1705#acm_567,0,0,FALSE
dblp_1268#acm_1512,0,0,FALSE
dblp_984#acm_1829,0,0,FALSE
dblp_2050#acm_722,0,0,FALSE
dblp_1502#acm_601,0,0,FALSE
dblp_866#acm_552,0,1,TRUE
dblp_1277#acm_280,0,0,FALSE
dblp_2154#acm_1807,0,0,FALSE
dblp_267#acm_1159,0,0,FALSE
dblp_1428#acm_1002,0,0,FALSE
dblp_987#acm_2240,0,0,FALSE
dblp_317#acm_1787,0,0,FALSE
dblp_987#acm_1675,1,1,TRUE
dblp_726#acm_551,0,0,FALSE
dblp_2591#acm_704,0,0,FALSE
dblp_1319#acm_632,1,1,TRUE
dblp_783#acm_1983,0,0,FALSE
dblp_39#acm_320,0,0,FALSE
dblp_271#acm_503,0,0,FALSE
dblp_744#acm_1995,0,0,FALSE
dblp_1347#acm_1609,0,0,FALSE
dblp_1946#acm_588,0,0,FALSE
dblp_1564#acm_1318,0,0,FALSE
dblp_555#acm_2025,1,1,TRUE
dblp_726#acm_547,0,0,FALSE
dblp_628#acm_1787,0,0,FALSE
dblp_287#acm_2259,0,0,FALSE
dblp_1540#acm_1785,0,0,FALSE
dblp_508#acm_1872,0,0,FALSE
dblp_766#acm_1665,0,0,FALSE
dblp_2342#acm_1387,1,1,TRUE
dblp_1704#acm_530,0,0,FALSE
dblp_2313#acm_1771,1,1,TRUE
dblp_1512#acm_306,0,0,FALSE
dblp_1165#acm_1137,1,1,TRUE
dblp_1772#acm_815,0,0,FALSE
dblp_1689#acm_1622,1,1,TRUE
dblp_1142#acm_1507,0,0,FALSE
dblp_346#acm_1374,0,0,FALSE
dblp_1491#acm_1649,0,0,FALSE
dblp_137#acm_1340,0,0,FALSE
dblp_13#acm_1785,0,0,FALSE
dblp_1116#acm_2269,0,0,FALSE
dblp_736#acm_1327,1,1,TRUE
dblp_822#acm_1814,0,0,FALSE
dblp_215#acm_1921,0,0,FALSE
dblp_2474#acm_1557,0,0,FALSE
dblp_2276#acm_540,0,0,FALSE
dblp_523#acm_343,0,0,FALSE
dblp_1459#acm_1463,0,0,FALSE
dblp_1107#acm_1622,0,0,FALSE
dblp_1019#acm_2143,0,0,FALSE
dblp_1962#acm_867,1,1,TRUE
dblp_1671#acm_7,1,1,TRUE
dblp_1489#acm_860,0,0,FALSE
dblp_829#acm_280,0,0,FALSE
dblp_2159#acm_228,0,0,FALSE
dblp_381#acm_583,0,0,FALSE
dblp_2131#acm_1307,0,0,FALSE
dblp_1180#acm_347,0,0,FALSE
dblp_246#acm_1535,0,0,FALSE
dblp_1304#acm_1463,1,1,TRUE
dblp_724#acm_1400,1,1,TRUE
dblp_2153#acm_730,1,1,TRUE
dblp_1076#acm_1919,1,1,TRUE
dblp_1118#acm_777,0,0,FALSE
dblp_360#acm_256,0,0,FALSE
dblp_2045#acm_1521,0,0,FALSE
dblp_1080#acm_320,1,1,TRUE
dblp_1397#acm_2101,0,0,FALSE
dblp_783#acm_218,0,0,FALSE
dblp_449#acm_2111,0,0,FALSE
dblp_2092#acm_646,0,0,FALSE
dblp_2302#acm_1983,0,0,FALSE
dblp_1509#acm_2246,0,0,FALSE
dblp_183#acm_1665,0,0,FALSE
dblp_1564#acm_1679,1,1,TRUE
dblp_1195#acm_342,0,0,FALSE
dblp_768#acm_1637,0,0,FALSE
dblp_2524#acm_368,0,0,FALSE
dblp_229#acm_583,0,0,FALSE
dblp_1074#acm_56,0,0,FALSE
dblp_1568#acm_1165,0,0,FALSE
dblp_2276#acm_2051,1,1,TRUE
dblp_1655#acm_1866,0,0,FALSE
dblp_2435#acm_576,0,0,FALSE
dblp_1096#acm_774,0,0,FALSE
dblp_171#acm_1778,0,0,FALSE
dblp_2248#acm_1740,0,0,FALSE
dblp_2410#acm_1202,1,1,TRUE
dblp_1248#acm_1347,0,0,FALSE
dblp_818#acm_1771,0,0,FALSE
dblp_1690#acm_365,0,0,FALSE
dblp_1159#acm_594,0,0,FALSE
dblp_183#acm_2239,0,0,FALSE
dblp_1356#acm_1047,0,0,FALSE
dblp_2210#acm_2126,0,0,FALSE
dblp_500#acm_866,0,0,FALSE
dblp_2583#acm_619,0,0,FALSE
dblp_2062#acm_1046,0,0,FALSE
dblp_388#acm_230,0,0,FALSE
dblp_968#acm_226,0,0,FALSE
dblp_2397#acm_1025,1,1,TRUE
dblp_1664#acm_196,0,0,FALSE
dblp_1547#acm_457,1,1,TRUE
dblp_758#acm_1015,0,1,TRUE
dblp_682#acm_207,0,0,FALSE
dblp_2149#acm_695,0,0,FALSE
dblp_591#acm_120,1,1,TRUE
dblp_2531#acm_2078,0,0,FALSE
dblp_1814#acm_312,0,0,FALSE
dblp_318#acm_1326,0,0,FALSE
dblp_68#acm_2048,1,1,TRUE
dblp_1551#acm_1927,0,0,FALSE
dblp_2232#acm_218,0,0,FALSE
dblp_2504#acm_323,0,0,FALSE
dblp_1050#acm_1320,1,1,TRUE
dblp_198#acm_1220,1,1,TRUE
dblp_2245#acm_1595,0,0,FALSE
dblp_189#acm_1166,0,0,FALSE
dblp_1092#acm_1452,0,0,FALSE
dblp_1086#acm_1239,0,0,FALSE
dblp_561#acm_791,0,0,FALSE
dblp_1577#acm_1209,0,0,FALSE
dblp_713#acm_2078,0,0,FALSE
dblp_1116#acm_2243,0,0,FALSE
dblp_1468#acm_680,0,0,FALSE
dblp_1050#acm_2084,0,0,FALSE
dblp_2158#acm_1645,0,0,FALSE
dblp_1712#acm_1845,1,1,TRUE
dblp_895#acm_443,0,0,FALSE
dblp_994#acm_1801,0,0,FALSE
dblp_203#acm_1044,0,0,FALSE
dblp_1074#acm_779,0,0,FALSE
dblp_2450#acm_198,1,1,TRUE
dblp_1595#acm_301,0,0,FALSE
dblp_1644#acm_459,1,1,TRUE
dblp_1689#acm_576,0,0,FALSE
dblp_2255#acm_1332,0,1,TRUE
dblp_427#acm_753,0,0,FALSE
dblp_788#acm_1155,0,0,FALSE
dblp_799#acm_2108,0,0,FALSE
dblp_2602#acm_1472,0,0,FALSE
dblp_701#acm_2207,0,0,FALSE
dblp_1877#acm_1408,0,0,FALSE
dblp_2062#acm_1026,0,0,FALSE
dblp_567#acm_857,0,0,FALSE
dblp_48#acm_360,1,1,TRUE
dblp_59#acm_2187,1,1,TRUE
dblp_863#acm_1471,1,1,TRUE
dblp_286#acm_469,0,0,FALSE
dblp_1118#acm_1983,0,0,FALSE
dblp_702#acm_1502,0,0,FALSE
dblp_2209#acm_685,0,0,FALSE
dblp_1028#acm_53,0,0,FALSE
dblp_462#acm_866,0,0,FALSE
dblp_432#acm_430,0,0,FALSE
dblp_1158#acm_175,1,1,TRUE
dblp_70#acm_427,0,0,FALSE
dblp_2422#acm_1824,0,0,FALSE
dblp_1931#acm_594,0,0,FALSE
dblp_141#acm_2201,1,1,TRUE
dblp_1138#acm_49,0,0,FALSE
dblp_2341#acm_811,0,0,FALSE
dblp_291#acm_855,0,0,FALSE
dblp_1515#acm_1730,1,1,TRUE
dblp_328#acm_1961,0,0,FALSE
dblp_1622#acm_2242,1,1,TRUE
dblp_2296#acm_1203,0,0,FALSE
dblp_1267#acm_1738,0,0,FALSE
dblp_2098#acm_77,0,0,FALSE
dblp_567#acm_1409,0,0,FALSE
dblp_1994#acm_1481,1,1,TRUE
dblp_1657#acm_1048,0,0,FALSE
dblp_2130#acm_342,0,0,FALSE
dblp_233#acm_2287,0,0,FALSE
dblp_1440#acm_1929,0,0,FALSE
dblp_2039#acm_2078,0,0,FALSE
dblp_804#acm_384,0,0,FALSE
dblp_2150#acm_1478,0,0,FALSE
dblp_1512#acm_889,0,0,FALSE
dblp_2315#acm_373,0,0,FALSE
dblp_835#acm_1612,1,1,TRUE
dblp_709#acm_1041,0,0,FALSE
dblp_1363#acm_1798,1,1,TRUE
dblp_1020#acm_1555,0,0,FALSE
dblp_279#acm_198,0,0,FALSE
dblp_1854#acm_889,0,0,FALSE
dblp_1489#acm_847,0,0,FALSE
dblp_945#acm_1375,0,0,FALSE
dblp_206#acm_1939,0,0,FALSE
dblp_708#acm_608,0,0,FALSE
dblp_2421#acm_1213,0,0,FALSE
dblp_684#acm_2070,1,1,TRUE
dblp_853#acm_602,1,1,TRUE
dblp_2136#acm_1031,0,0,FALSE
dblp_2462#acm_569,0,0,FALSE
dblp_894#acm_474,1,1,TRUE
dblp_1670#acm_184,0,0,FALSE
dblp_2202#acm_1324,1,1,TRUE
dblp_94#acm_2277,0,0,FALSE
dblp_5#acm_1921,0,0,FALSE
dblp_2451#acm_539,1,1,TRUE
dblp_1577#acm_518,0,0,FALSE
