benchmark,id1,id2,shortest_positive_path_edges,cycle_edges_including_negative,positive_component_nodes
abt-buy,abt_184,buy_167,3,4,6
abt-buy,abt_209,buy_436,3,4,4
abt-buy,abt_226,buy_80,3,4,4
abt-buy,abt_1007,buy_456,3,4,12
abt-buy,abt_96,buy_89,3,4,6
abt-buy,abt_519,buy_535,3,4,6
abt-buy,abt_388,buy_423,3,4,12
abt-buy,abt_520,buy_535,3,4,6
abt-buy,abt_718,buy_799,3,4,10
abt-buy,abt_298,buy_251,3,4,12
abt-buy,abt_434,buy_89,3,4,6
abt-buy,abt_298,buy_456,3,4,12
abt-buy,abt_718,buy_800,5,6,10
abt-buy,abt_299,buy_456,3,4,12
abt-buy,abt_387,buy_456,3,4,12
abt-buy,abt_297,buy_456,3,4,12
abt-buy,abt_842,buy_821,3,4,5
abt-buy,abt_480,buy_880,3,4,8
abt-buy,abt_605,buy_524,3,4,4
abt-buy,abt_769,buy_625,3,4,4
abt-buy,abt_817,buy_703,3,4,4
abt-buy,abt_96,buy_85,3,4,6
abt-buy,abt_385,buy_456,3,4,12
abt-buy,abt_102,buy_303,3,4,4
abt-buy,abt_717,buy_800,3,4,10
abt-buy,abt_404,buy_552,3,4,4
abt-buy,abt_487,buy_543,3,4,6
abt-buy,abt_388,buy_251,3,4,12
abt-buy,abt_951,buy_500,3,4,4
abt-buy,abt_933,buy_1031,3,4,4
abt-buy,abt_184,buy_539,3,4,6
abt-buy,abt_434,buy_88,3,4,6
abt-buy,abt_387,buy_423,3,4,12
abt-buy,abt_596,buy_606,3,4,4
abt-buy,abt_480,buy_791,3,4,8
abt-buy,abt_385,buy_423,3,4,12
abt-buy,abt_480,buy_844,3,4,8
abt-buy,abt_479,buy_792,3,4,8
abt-buy,abt_720,buy_780,3,4,10
abt-buy,abt_229,buy_320,3,4,4
dblp-acm,dblp_1639,acm_924,3,4,5
dblp-acm,dblp_1697,acm_1361,3,4,4
dblp-acm,dblp_263,acm_1269,3,4,4
dblp-acm,dblp_2229,acm_247,3,4,4
dblp-acm,dblp_968,acm_546,3,4,6
dblp-acm,dblp_1649,acm_494,3,4,4
dblp-acm,dblp_2114,acm_2107,3,4,4
dblp-acm,dblp_786,acm_723,3,4,6
dblp-acm,dblp_2206,acm_725,3,4,6
dblp-acm,dblp_264,acm_830,3,4,4
dblp-acm,dblp_62,acm_2100,3,4,4
dblp-acm,dblp_304,acm_547,3,4,6
dblp-acm,dblp_1160,acm_334,3,4,4
dblp-acm,dblp_617,acm_829,3,4,4
dblp-acm,dblp_1462,acm_1310,3,4,4
dblp-acm,dblp_2219,acm_149,3,4,4
dblp-acm,dblp_2391,acm_924,3,4,5
dblp-acm,dblp_367,acm_939,3,4,4
dblp-acm,dblp_2119,acm_1182,3,4,4
dblp-acm,dblp_950,acm_272,3,4,4
dblp-acm,dblp_1060,acm_968,3,4,4
dblp-scholar,dblp_1152,scholar_61884,3,4,18
dblp-scholar,dblp_1013,scholar_23617,3,4,11
dblp-scholar,dblp_963,scholar_28278,3,4,11
dblp-scholar,dblp_2332,scholar_61251,3,4,14
dblp-scholar,dblp_299,scholar_54081,3,4,9
dblp-scholar,dblp_277,scholar_28180,3,4,8
dblp-scholar,dblp_433,scholar_37228,3,4,6
dblp-scholar,dblp_619,scholar_12182,3,4,6
dblp-scholar,dblp_798,scholar_6409,5,6,11
dblp-scholar,dblp_791,scholar_42353,3,4,14
dblp-scholar,dblp_2360,scholar_45165,3,4,6
dblp-scholar,dblp_1059,scholar_10805,3,4,6
dblp-scholar,dblp_2494,scholar_35234,3,4,9
dblp-scholar,dblp_2405,scholar_57875,3,4,11
dblp-scholar,dblp_564,scholar_62941,3,4,9
dblp-scholar,dblp_1241,scholar_50961,3,4,7
dblp-scholar,dblp_1715,scholar_46865,3,4,7
dblp-scholar,dblp_928,scholar_46432,3,4,10
dblp-scholar,dblp_1090,scholar_20199,3,4,18
dblp-scholar,dblp_1229,scholar_23207,3,4,18
dblp-scholar,dblp_304,scholar_6187,3,4,7
dblp-scholar,dblp_516,scholar_52022,3,4,6
dblp-scholar,dblp_1013,scholar_7886,3,4,11
dblp-scholar,dblp_1382,scholar_39722,3,4,16
dblp-scholar,dblp_280,scholar_56028,5,6,11
dblp-scholar,dblp_2493,scholar_6692,3,4,10
dblp-scholar,dblp_448,scholar_64008,3,4,7
dblp-scholar,dblp_1051,scholar_56496,3,4,12
dblp-scholar,dblp_1048,scholar_41759,3,4,12
dblp-scholar,dblp_1723,scholar_9400,3,4,5
dblp-scholar,dblp_2401,scholar_44167,3,4,6
dblp-scholar,dblp_1375,scholar_7301,3,4,18
dblp-scholar,dblp_2332,scholar_26321,5,6,14
dblp-scholar,dblp_1048,scholar_33309,3,4,12
dblp-scholar,dblp_1078,scholar_63778,3,4,6
dblp-scholar,dblp_2332,scholar_57132,3,4,14
dblp-scholar,dblp_455,scholar_15647,3,4,14
dblp-scholar,dblp_2534,scholar_24184,3,4,5
dblp-scholar,dblp_1229,scholar_61884,3,4,18
dblp-scholar,dblp_474,scholar_52277,3,4,9
dblp-scholar,dblp_1382,scholar_48837,3,4,16
dblp-scholar,dblp_1668,scholar_14425,5,6,18
dblp-scholar,dblp_2252,scholar_51748,3,4,5
dblp-scholar,dblp_1229,scholar_14425,3,4,18
dblp-scholar,dblp_269,scholar_27129,3,4,6
dblp-scholar,dblp_2343,scholar_49443,3,4,14
dblp-scholar,dblp_963,scholar_3143,3,4,11
dblp-scholar,dblp_1307,scholar_9939,3,4,9
dblp-scholar,dblp_716,scholar_15379,3,4,18
dblp-scholar,dblp_2514,scholar_44768,3,4,7
dblp-scholar,dblp_928,scholar_58534,3,4,10
dblp-scholar,dblp_1747,scholar_9959,3,4,10
dblp-scholar,dblp_455,scholar_43793,3,4,14
dblp-scholar,dblp_613,scholar_63526,3,4,10
dblp-scholar,dblp_1189,scholar_18237,3,4,4
dblp-scholar,dblp_2397,scholar_568,3,4,18
dblp-scholar,dblp_1243,scholar_45168,3,4,4
dblp-scholar,dblp_1852,scholar_47824,3,4,11
dblp-scholar,dblp_2215,scholar_23081,3,4,11
dblp-scholar,dblp_1708,scholar_40818,3,4,6
dblp-scholar,dblp_2332,scholar_8468,5,6,14
dblp-scholar,dblp_2397,scholar_49946,3,4,18
dblp-scholar,dblp_419,scholar_11375,3,4,6
dblp-scholar,dblp_422,scholar_2583,3,4,9
dblp-scholar,dblp_963,scholar_16613,3,4,11
dblp-scholar,dblp_616,scholar_25134,3,4,10
dblp-scholar,dblp_1408,scholar_54979,3,4,14
dblp-scholar,dblp_1375,scholar_31902,3,4,18
dblp-scholar,dblp_1668,scholar_45926,3,4,18
dblp-scholar,dblp_2212,scholar_48824,3,4,7
dblp-scholar,dblp_1643,scholar_57484,3,4,11
dblp-scholar,dblp_1382,scholar_42706,3,4,16
dblp-scholar,dblp_1489,scholar_19058,3,4,8
dblp-scholar,dblp_963,scholar_17239,3,4,11
dblp-scholar,dblp_1493,scholar_40254,3,4,7
dblp-scholar,dblp_1408,scholar_49443,5,6,14
dblp-scholar,dblp_2373,scholar_17986,3,4,10
dblp-scholar,dblp_1048,scholar_37481,3,4,12
dblp-scholar,dblp_71,scholar_6381,3,4,5
dblp-scholar,dblp_716,scholar_39992,3,4,18
dblp-scholar,dblp_1522,scholar_6515,3,4,5
dblp-scholar,dblp_1051,scholar_30906,3,4,12
dblp-scholar,dblp_455,scholar_58638,3,4,14
dblp-scholar,dblp_1307,scholar_28636,5,6,9
dblp-scholar,dblp_1735,scholar_56218,3,4,6
dblp-scholar,dblp_1152,scholar_23207,3,4,18
dblp-scholar,dblp_1051,scholar_39692,3,4,12
dblp-scholar,dblp_1668,scholar_39992,5,6,18
dblp-scholar,dblp_1668,scholar_15379,5,6,18
dblp-scholar,dblp_1161,scholar_24261,3,4,9
dblp-scholar,dblp_616,scholar_29715,3,4,10
dblp-scholar,dblp_2457,scholar_52870,3,4,8
dblp-scholar,dblp_1038,scholar_21730,3,4,8
dblp-scholar,dblp_299,scholar_62941,3,4,9
dblp-scholar,dblp_280,scholar_57572,5,6,11
dblp-scholar,dblp_1530,scholar_46066,3,4,6
dblp-scholar,dblp_1281,scholar_7307,3,4,14
dblp-scholar,dblp_837,scholar_28847,3,4,9
dblp-scholar,dblp_1668,scholar_64210,5,6,18
dblp-scholar,dblp_1326,scholar_21606,3,4,7
dblp-scholar,dblp_616,scholar_20358,3,4,10
dblp-scholar,dblp_1399,scholar_6692,3,4,10
dblp-scholar,dblp_1226,scholar_24897,3,4,10
dblp-scholar,dblp_2309,scholar_55696,3,4,5
dblp-scholar,dblp_1013,scholar_16613,3,4,11
dblp-scholar,dblp_1281,scholar_9079,3,4,14
dblp-scholar,dblp_1312,scholar_4716,3,4,7
dblp-scholar,dblp_560,scholar_50621,3,4,5
dblp-scholar,dblp_1852,scholar_43237,3,4,11
dblp-scholar,dblp_928,scholar_54508,3,4,10
dblp-scholar,dblp_928,scholar_41801,3,4,10
dblp-scholar,dblp_556,scholar_38434,3,4,10
dblp-scholar,dblp_1487,scholar_6409,3,4,11
dblp-scholar,dblp_408,scholar_29332,3,4,5
dblp-scholar,dblp_1222,scholar_25463,3,4,10
dblp-scholar,dblp_1375,scholar_51313,3,4,18
dblp-scholar,dblp_1989,scholar_19786,3,4,8
dblp-scholar,dblp_112,scholar_13102,3,4,8
dblp-scholar,dblp_1057,scholar_22454,3,4,9
dblp-scholar,dblp_1222,scholar_12093,3,4,10
dblp-scholar,dblp_1326,scholar_23335,3,4,7
dblp-scholar,dblp_455,scholar_15985,3,4,14
dblp-scholar,dblp_1382,scholar_53775,3,4,16
dblp-scholar,dblp_798,scholar_40801,5,6,11
dblp-scholar,dblp_51,scholar_37725,3,4,5
dblp-scholar,dblp_556,scholar_52433,3,4,10
dblp-scholar,dblp_1176,scholar_53178,3,4,8
dblp-scholar,dblp_1161,scholar_34781,3,4,9
dblp-scholar,dblp_1037,scholar_13320,3,4,7
dblp-scholar,dblp_2055,scholar_37628,3,4,5
dblp-scholar,dblp_716,scholar_22798,3,4,18
dblp-scholar,dblp_465,scholar_23632,3,4,7
dblp-scholar,dblp_1051,scholar_28751,3,4,12
dblp-scholar,dblp_1438,scholar_57132,3,4,14
dblp-scholar,dblp_2457,scholar_28180,5,6,8
dblp-scholar,dblp_2347,scholar_43234,3,4,7
dblp-scholar,dblp_880,scholar_53419,3,4,5
dblp-scholar,dblp_1907,scholar_7822,3,4,6
dblp-scholar,dblp_1509,scholar_32760,3,4,6
dblp-scholar,dblp_1010,scholar_36897,3,4,16
dblp-scholar,dblp_997,scholar_58772,3,4,12
dblp-scholar,dblp_2282,scholar_36053,3,4,11
dblp-scholar,dblp_2187,scholar_64008,3,4,7
dblp-scholar,dblp_2373,scholar_10797,3,4,10
dblp-scholar,dblp_1438,scholar_44502,3,4,14
dblp-scholar,dblp_1040,scholar_58885,3,4,5
dblp-scholar,dblp_1530,scholar_58154,3,4,6
dblp-scholar,dblp_2282,scholar_56028,3,4,11
dblp-scholar,dblp_1493,scholar_48138,3,4,7
dblp-scholar,dblp_2208,scholar_32041,5,6,8
dblp-scholar,dblp_570,scholar_2161,3,4,9
dblp-scholar,dblp_2405,scholar_36140,3,4,11
dblp-scholar,dblp_1986,scholar_44224,3,4,4
dblp-scholar,dblp_1668,scholar_11006,3,4,18
dblp-scholar,dblp_1051,scholar_63245,3,4,12
dblp-scholar,dblp_430,scholar_24369,3,4,6
dblp-scholar,dblp_422,scholar_28207,3,4,9
dblp-scholar,dblp_1485,scholar_14778,3,4,14
dblp-scholar,dblp_1852,scholar_40895,3,4,11
dblp-scholar,dblp_2188,scholar_41389,3,4,8
dblp-scholar,dblp_791,scholar_54465,3,4,14
dblp-scholar,dblp_299,scholar_2576,3,4,9
dblp-scholar,dblp_2469,scholar_34282,3,4,8
dblp-scholar,dblp_1307,scholar_53022,5,6,9
dblp-scholar,dblp_746,scholar_35144,3,4,8
dblp-scholar,dblp_616,scholar_16337,3,4,10
dblp-scholar,dblp_2493,scholar_2655,3,4,10
dblp-scholar,dblp_2332,scholar_1796,5,6,14
dblp-scholar,dblp_1382,scholar_49814,3,4,16
dblp-scholar,dblp_775,scholar_13359,3,4,10
dblp-scholar,dblp_1668,scholar_15099,3,4,18
dblp-scholar,dblp_2332,scholar_42426,3,4,14
dblp-scholar,dblp_1364,scholar_63001,3,4,4
dblp-scholar,dblp_1408,scholar_63839,3,4,14
dblp-scholar,dblp_228,scholar_29332,3,4,5
dblp-scholar,dblp_24,scholar_59269,3,4,9
dblp-scholar,dblp_1408,scholar_22282,5,6,14
dblp-scholar,dblp_1120,scholar_64165,3,4,16
dblp-scholar,dblp_1382,scholar_60124,3,4,16
dblp-scholar,dblp_1375,scholar_52960,3,4,18
dblp-scholar,dblp_556,scholar_25702,3,4,10
dblp-scholar,dblp_1828,scholar_10586,3,4,7
dblp-scholar,dblp_1487,scholar_40801,3,4,11
dblp-scholar,dblp_2343,scholar_4688,3,4,14
dblp-scholar,dblp_2374,scholar_18629,3,4,7
dblp-scholar,dblp_1382,scholar_35892,3,4,16
dblp-scholar,dblp_556,scholar_46513,3,4,10
dblp-scholar,dblp_280,scholar_20363,3,4,11
dblp-scholar,dblp_1438,scholar_61251,3,4,14
dblp-scholar,dblp_2373,scholar_1410,3,4,10
dblp-scholar,dblp_2282,scholar_57572,3,4,11
dblp-scholar,dblp_1051,scholar_53469,3,4,12
dblp-scholar,dblp_280,scholar_41974,5,6,11
dblp-scholar,dblp_2055,scholar_41337,3,4,5
dblp-scholar,dblp_1241,scholar_62663,3,4,7
dblp-scholar,dblp_2514,scholar_21928,3,4,7
dblp-scholar,dblp_2343,scholar_34614,3,4,14
dblp-scholar,dblp_2347,scholar_5776,3,4,7
dblp-scholar,dblp_613,scholar_25463,3,4,10
dblp-scholar,dblp_2347,scholar_45275,3,4,7
dblp-scholar,dblp_1909,scholar_52089,3,4,6
dblp-scholar,dblp_714,scholar_61266,3,4,6
dblp-scholar,dblp_1229,scholar_30195,3,4,18
dblp-scholar,dblp_1226,scholar_47322,3,4,10
dblp-scholar,dblp_791,scholar_43123,3,4,14
dblp-scholar,dblp_1408,scholar_1284,3,4,14
dblp-scholar,dblp_283,scholar_17187,3,4,8
dblp-scholar,dblp_1506,scholar_17782,3,4,11
dblp-scholar,dblp_1685,scholar_4585,3,4,4
dblp-scholar,dblp_2494,scholar_22454,3,4,9
dblp-scholar,dblp_2426,scholar_11956,3,4,6
dblp-scholar,dblp_1382,scholar_30056,3,4,16
dblp-scholar,dblp_791,scholar_30937,3,4,14
dblp-scholar,dblp_1643,scholar_57875,3,4,11
dblp-scholar,dblp_112,scholar_4529,3,4,8
dblp-scholar,dblp_1918,scholar_49524,3,4,7
dblp-scholar,dblp_798,scholar_4615,3,4,11
dblp-scholar,dblp_429,scholar_32605,3,4,7
dblp-scholar,dblp_2426,scholar_24847,3,4,6
dblp-scholar,dblp_915,scholar_29155,3,4,6
dblp-scholar,dblp_2374,scholar_29277,3,4,7
dblp-scholar,dblp_1591,scholar_58990,3,4,6
dblp-scholar,dblp_2373,scholar_3098,3,4,10
dblp-scholar,dblp_2397,scholar_33639,3,4,18
dblp-scholar,dblp_613,scholar_12093,3,4,10
dblp-scholar,dblp_69,scholar_58938,3,4,6
dblp-scholar,dblp_791,scholar_45058,3,4,14
dblp-scholar,dblp_2050,scholar_45199,3,4,7
dblp-scholar,dblp_1073,scholar_9698,3,4,6
dblp-scholar,dblp_2579,scholar_34614,5,6,14
dblp-scholar,dblp_1487,scholar_60153,3,4,11
dblp-scholar,dblp_49,scholar_108,3,4,6
dblp-scholar,dblp_2467,scholar_21087,3,4,9
dblp-scholar,dblp_2579,scholar_37526,5,6,14
dblp-scholar,dblp_1090,scholar_568,3,4,18
dblp-scholar,dblp_1918,scholar_51853,3,4,7
dblp-scholar,dblp_583,scholar_10615,3,4,7
dblp-scholar,dblp_2282,scholar_41974,3,4,11
dblp-scholar,dblp_1491,scholar_60742,3,4,9
dblp-scholar,dblp_1293,scholar_43516,3,4,4
dblp-scholar,dblp_2343,scholar_22282,3,4,14
dblp-scholar,dblp_1382,scholar_11154,3,4,16
dblp-scholar,dblp_1668,scholar_30195,5,6,18
dblp-scholar,dblp_587,scholar_21128,3,4,5
dblp-scholar,dblp_1188,scholar_46512,5,6,9
dblp-scholar,dblp_2405,scholar_55545,3,4,11
dblp-scholar,dblp_512,scholar_1818,3,4,10
dblp-scholar,dblp_1010,scholar_15368,3,4,16
dblp-scholar,dblp_2405,scholar_57484,3,4,11
dblp-scholar,dblp_860,scholar_13398,3,4,8
dblp-scholar,dblp_24,scholar_10603,3,4,9
dblp-scholar,dblp_1788,scholar_33064,3,4,5
dblp-scholar,dblp_1135,scholar_27923,3,4,6
dblp-scholar,dblp_1408,scholar_4688,5,6,14
dblp-scholar,dblp_2397,scholar_57774,3,4,18
dblp-scholar,dblp_1528,scholar_18973,3,4,7
dblp-scholar,dblp_2397,scholar_31902,3,4,18
dblp-scholar,dblp_1326,scholar_26223,3,4,7
dblp-scholar,dblp_564,scholar_52277,3,4,9
dblp-scholar,dblp_1048,scholar_28685,3,4,12
dblp-scholar,dblp_2332,scholar_55458,3,4,14
dblp-scholar,dblp_2397,scholar_44119,3,4,18
dblp-scholar,dblp_280,scholar_55867,3,4,11
dblp-scholar,dblp_1222,scholar_1818,3,4,10
dblp-scholar,dblp_1408,scholar_3973,5,6,14
dblp-scholar,dblp_1255,scholar_33277,3,4,7
dblp-scholar,dblp_243,scholar_13871,3,4,8
dblp-scholar,dblp_2494,scholar_24261,3,4,9
dblp-scholar,dblp_1281,scholar_11543,3,4,14
dblp-scholar,dblp_465,scholar_28669,3,4,7
dblp-scholar,dblp_1852,scholar_60153,5,6,11
dblp-scholar,dblp_1312,scholar_53786,3,4,7
dblp-scholar,dblp_512,scholar_63526,3,4,10
dblp-scholar,dblp_1747,scholar_62773,3,4,10
dblp-scholar,dblp_1451,scholar_35793,3,4,7
dblp-scholar,dblp_1643,scholar_17782,3,4,11
dblp-scholar,dblp_1010,scholar_2636,3,4,16
dblp-scholar,dblp_1222,scholar_11042,3,4,10
dblp-scholar,dblp_1408,scholar_1908,3,4,14
dblp-scholar,dblp_112,scholar_21639,3,4,8
dblp-scholar,dblp_2489,scholar_4810,3,4,9
dblp-scholar,dblp_1229,scholar_15379,3,4,18
dblp-scholar,dblp_2489,scholar_46512,3,4,9
dblp-scholar,dblp_1459,scholar_33309,3,4,12
dblp-scholar,dblp_1161,scholar_21049,3,4,9
dblp-scholar,dblp_465,scholar_17108,3,4,7
dblp-scholar,dblp_619,scholar_39919,3,4,6
dblp-scholar,dblp_1040,scholar_40754,3,4,5
dblp-scholar,dblp_2343,scholar_3973,3,4,14
dblp-scholar,dblp_375,scholar_46492,3,4,6
dblp-scholar,dblp_570,scholar_6485,3,4,9
dblp-scholar,dblp_613,scholar_11042,3,4,10
dblp-scholar,dblp_1038,scholar_48141,3,4,8
dblp-scholar,dblp_455,scholar_59654,3,4,14
dblp-scholar,dblp_455,scholar_34451,3,4,14
dblp-scholar,dblp_1907,scholar_8110,3,4,6
dblp-scholar,dblp_2332,scholar_44502,3,4,14
dblp-scholar,dblp_1538,scholar_53363,3,4,5
dblp-scholar,dblp_1161,scholar_35234,3,4,9
dblp-scholar,dblp_455,scholar_55119,3,4,14
dblp-scholar,dblp_2323,scholar_9466,3,4,6
dblp-scholar,dblp_775,scholar_23955,3,4,10
dblp-scholar,dblp_2397,scholar_51313,3,4,18
dblp-scholar,dblp_1493,scholar_44655,3,4,7
dblp-scholar,dblp_2579,scholar_63839,3,4,14
dblp-scholar,dblp_758,scholar_32033,3,4,4
dblp-scholar,dblp_1013,scholar_27146,3,4,11
dblp-scholar,dblp_1668,scholar_61884,5,6,18
dblp-scholar,dblp_1747,scholar_4821,3,4,10
walmart-amazon,walmart_523,amazon_3626,3,4,5
walmart-amazon,walmart_2343,amazon_10786,3,4,5
wdc,36967853,53808701,3,4,22
wdc,26702357,346951,9,10,59
wdc,80159310,20397693,7,8,23
wdc,59936386,75551932,3,4,24
wdc,13618142,19331727,7,8,59
wdc,43106906,79961602,7,8,59
wdc,32210028,8269746,5,6,59
wdc,8499589,24580765,5,6,21
wdc,5489545,41944826,5,6,19
wdc,36469366,16934958,3,4,64
wdc,35410623,41987114,7,8,21
wdc,88216489,84429009,3,4,23
wdc,66833252,46781089,7,8,59
wdc,15159002,75426867,7,8,53
wdc,54685720,4352717,7,8,59
wdc,35410623,77020269,5,6,21
wdc,75997111,93836358,7,8,64
wdc,95164652,15698882,3,4,41
wdc,8269746,46781089,7,8,59
wdc,46979351,91369139,3,4,37
wdc,33972604,66047716,3,4,15
wdc,46781089,346951,11,12,59
wdc,33538650,38674629,3,4,43
wdc,39763751,18915981,5,6,23
wdc,59536106,42128318,3,4,37
wdc,55393360,97396039,7,8,53
wdc,29462576,9951028,3,4,24
wdc,57643285,4544706,3,4,53
wdc,13939571,3766219,7,8,23
wdc,77077400,78512798,7,8,53
wdc,67223648,2701835,3,4,19
wdc,75997111,22194288,5,6,64
wdc,52108235,68787450,7,8,59
wdc,45210613,23055402,5,6,22
wdc,12606832,75426867,7,8,53
wdc,26830294,62446651,7,8,30
wdc,79148737,13618142,5,6,59
wdc,5238163,46781089,5,6,59
wdc,3766219,88216489,5,6,23
wdc,70233715,98423908,5,6,64
wdc,7788881,96279287,3,4,23
wdc,7873500,53808701,3,4,22
wdc,66833252,31860044,9,10,59
wdc,11022309,25301807,7,8,53
wdc,81356812,81206857,3,4,45
wdc,78512798,57643285,9,10,53
wdc,3766219,80529811,5,6,23
wdc,70702847,75582659,5,6,31
wdc,82474920,62927088,3,4,41
wdc,1374896,8289216,5,6,31
wdc,8289216,77564821,3,4,31
wdc,40061039,18915981,5,6,23
wdc,81206857,64481345,3,4,45
wdc,64481350,4314913,3,4,45
wdc,9748896,81206857,3,4,45
wdc,81206857,64481350,3,4,45
wdc,81356812,64481350,3,4,45
wdc,47146148,27976942,3,4,19
wdc,94106554,45770332,3,4,64
wdc,64481345,1647419,3,4,45
wdc,10080614,45770332,3,4,64
wdc,70880620,72001534,3,4,45
wdc,96502370,65634280,5,6,22
wdc,65909944,70733904,3,4,22
wdc,43547655,14965818,5,6,37
wdc,24528866,8315719,3,4,17
wdc,33133828,45770332,5,6,64
wdc,24032868,4314913,3,4,45
wdc,82863022,56278238,3,4,22
wdc,69202392,66727021,5,6,19
wdc,34748897,15698882,3,4,41
wdc,22286818,69202392,3,4,19
wdc,40845396,25301807,5,6,53
wdc,96142146,52446350,5,6,19
wdc,82325558,69202392,3,4,19
wdc,82325558,16470846,7,8,19
wdc,82325558,52446350,5,6,19
wdc,31210232,70326774,3,4,31
wdc,9951028,70069582,3,4,24
wdc,50044368,70326774,3,4,31
wdc,64518758,65913287,5,6,43
wdc,35951391,65913287,5,6,43
wdc,61354254,98600039,3,4,17
wdc,15787372,79475473,3,4,12
wdc,57619335,42779659,3,4,43
wdc,31210232,50044368,3,4,31
wdc,79475473,37927610,7,8,12
wdc,65110774,77338417,5,6,64
wdc,30382185,59936386,3,4,24
wdc,92965053,25301807,5,6,53
wdc,34748897,95164652,3,4,41
wdc,48035811,48673861,3,4,14
wdc,64481350,12954856,3,4,45
wdc,45770332,98165579,7,8,64
wdc,46979351,60776561,3,4,37
wdc,58893463,35809370,7,8,16
wdc,97573369,47070583,5,6,31
wdc,64708117,52851091,3,4,21
wdc,59936386,70069582,3,4,24
wdc,98165579,18456007,5,6,64
wdc,64481345,70880617,3,4,45
wdc,1647419,4314913,5,6,45
wdc,88398980,23138527,3,4,16
wdc,60946583,59936386,3,4,24
wdc,96132128,86849327,3,4,31
wdc,95830648,331318,3,4,53
wdc,75426867,92965053,3,4,53
wdc,45210613,74329118,5,6,22
wdc,3681006,82672282,3,4,18
wdc,54214061,1374896,3,4,31
wdc,45210613,34259452,3,4,22
wdc,33972604,14296399,5,6,15
wdc,4314913,70880617,3,4,45
wdc,1647419,81356812,3,4,45
wdc,11782965,7189556,5,6,13
wdc,84429009,80529811,3,4,23
wdc,19331727,37862083,3,4,59
wdc,91650188,25467733,3,4,14
wdc,75355798,91369139,3,4,37
wdc,2056076,82474920,3,4,41
wdc,88216489,32780854,5,6,23
wdc,40481736,74329118,7,8,22
wdc,68649064,24693281,3,4,17
wdc,98165579,36469366,3,4,64
wdc,331318,40845396,5,6,53
wdc,93978472,18666720,3,4,18
wdc,36469366,39924028,3,4,64
wdc,57643285,7189900,5,6,53
wdc,91662539,53808701,5,6,22
wdc,54852394,69202392,3,4,19
wdc,40845396,44483408,7,8,53
wdc,65110774,80250895,3,4,64
wdc,95222715,10825358,3,4,59
wdc,93774542,63899324,5,6,8
wdc,13939571,70324505,5,6,23
wdc,57706537,82474920,3,4,41
wdc,30639668,65913287,5,6,43
wdc,42779659,47448449,5,6,43
wdc,35951391,51937161,5,6,43
wdc,46111836,51937161,7,8,43
wdc,78863801,12606832,5,6,53
wdc,66625804,48035811,3,4,14
wdc,39417365,75997111,3,4,64
wdc,75355798,77427895,5,6,37
wdc,70324505,80529811,7,8,23
wdc,69541495,55918296,3,4,20
wdc,58970863,13939571,5,6,23
wdc,79669455,69475906,3,4,22
wdc,92865515,52672692,3,4,15
wdc,833754,4314913,3,4,45
wdc,84821763,34748897,3,4,41
wdc,9748896,1647419,3,4,45
wdc,46979351,18480165,3,4,37
wdc,75738906,53737120,5,6,20
wdc,25301807,35759560,5,6,53
wdc,55918296,8547400,5,6,20
wdc,7189900,77077400,3,4,53
wdc,78851357,78851350,3,4,16
wdc,78863801,44483408,7,8,53
wdc,16871572,58970863,3,4,23
wdc,48649091,37587100,3,4,17
wdc,33334663,31276154,3,4,10
wdc,61794834,98165579,5,6,64
wdc,51785841,98165579,3,4,64
wdc,20971734,58970863,3,4,23
wdc,13585097,67223648,3,4,19
wdc,53737120,92165480,3,4,20
wdc,61794834,39924028,5,6,64
wdc,58970863,66639967,3,4,23
wdc,98423908,98165579,5,6,64
wdc,74908666,53737120,3,4,20
wdc,54500223,84964931,3,4,14
wdc,95470212,34259452,5,6,22
wdc,804681,67439501,3,4,16
wdc,55918296,92165480,5,6,20
wdc,15698882,24223712,3,4,41
wdc,34259452,40481736,5,6,22
wdc,75488221,70349654,5,6,64
wdc,69541495,53737120,5,6,20
wdc,71957793,98423908,5,6,64
wdc,70324505,20971734,7,8,23
wdc,29955103,5603029,5,6,14
wdc,48521206,48521210,3,4,15
wdc,25467733,84964931,3,4,14
wdc,67614478,10298203,3,4,41
wdc,56666942,62446651,3,4,30
wdc,22286818,16470846,7,8,19
wdc,46652889,93836358,5,6,64
wdc,96142146,69202392,3,4,19
wdc,65129957,74525688,3,4,30
wdc,46652889,33133828,5,6,64
wdc,52446350,22286818,9,10,19
wdc,24381109,92858368,3,4,41
wdc,84429009,20971734,3,4,23
wdc,52446350,54852394,9,10,19
wdc,63000389,70651818,3,4,16
wdc,69951577,98142963,5,6,11
wdc,44451236,72838471,3,4,14
wdc,89090467,10548789,3,4,17
wdc,7488025,1192959,3,4,16
wdc,43789069,90806148,3,4,10
wdc,39763751,7788881,3,4,23
wdc,61964427,69951577,5,6,11
wdc,18756772,24561369,5,6,10
wdc,65066532,80341208,3,4,16
wdc,36469366,33133828,3,4,64
wdc,67614478,2056076,3,4,41
wdc,74461011,15678457,3,4,18
wdc,75997111,33133828,7,8,64
wdc,12954856,70880620,3,4,45
wdc,5108806,5108805,3,4,14
wdc,962259,17007886,3,4,45
wdc,32780854,66639967,3,4,23
wdc,92858368,36580730,3,4,41
wdc,78136051,9069903,3,4,24
wdc,32780854,13939571,5,6,23
wdc,71957793,70349654,3,4,64
wdc,71957793,77338417,5,6,64
wdc,71957793,75997111,5,6,64
wdc,74804936,44451236,5,6,14
wdc,97068882,69167600,3,4,21
wdc,55002512,74525688,5,6,30
wdc,83319646,61905253,5,6,14
wdc,71952052,71957793,3,4,64
wdc,1970598,10080614,3,4,64
wdc,16934958,71957793,3,4,64
wdc,74461011,8500749,3,4,18
wdc,77819823,25767836,3,4,21
wdc,31210232,47562526,3,4,31
wdc,87259085,80250895,3,4,64
wdc,17234295,5108805,3,4,14
wdc,55393360,15159002,5,6,53
wdc,65129957,53426556,7,8,30
wdc,69951577,61905379,3,4,11
wdc,45770332,71957793,5,6,64
wdc,47717079,6033957,3,4,16
wdc,74955932,45145764,3,4,17
wdc,11022309,97396039,9,10,53
wdc,71957793,22194288,3,4,64
wdc,74461011,52425202,3,4,18
wdc,7383990,7031536,3,4,10
wdc,34402785,17366003,3,4,22
wdc,29462576,9069903,3,4,24
wdc,78512798,4544706,7,8,53
wdc,21044132,15241238,3,4,10
wdc,71952052,19906097,3,4,64
wdc,74461011,93978472,3,4,18
wdc,50809231,77564821,3,4,31
wdc,62898389,1374896,3,4,31
wdc,75261862,74329118,7,8,22
wdc,9069903,70069582,3,4,24
wdc,32347478,40845396,7,8,53
wdc,62422382,77020269,3,4,21
wdc,54885827,81356812,3,4,45
wdc,14965818,42128318,5,6,37
wdc,4353010,26060343,3,4,21
wdc,96712384,77564821,3,4,31
wdc,81206857,1647419,3,4,45
wdc,3889666,73325934,5,6,14
wdc,91382360,12291734,3,4,22
wdc,31674056,1741624,5,6,20
wdc,47988383,33133828,3,4,64
wdc,31860044,57125875,9,10,59
wdc,28656579,73325934,5,6,14
wdc,89090467,5185359,5,6,17
wdc,92858368,62927088,3,4,41
wdc,32220000,89940086,3,4,22
wdc,72001534,70880617,3,4,45
wdc,4314914,3495669,5,6,15
wdc,88216489,57322751,3,4,23
wdc,65066532,75132289,3,4,16
wdc,93215193,37181469,7,8,23
wdc,5042118,64518758,3,4,43
wdc,32155362,26830294,7,8,30
wdc,42459678,1741624,3,4,20
wdc,93315586,59006657,3,4,45
wdc,4287952,2701835,5,6,19
wdc,14881645,93315586,5,6,45
wdc,96612924,81356812,3,4,45
wdc,70880620,81356812,3,4,45
wdc,149175,53426556,3,4,30
wdc,95036672,97068882,3,4,21
wdc,45439666,71009867,3,4,15
wdc,5393373,62287971,3,4,7
wdc,8647289,74525688,5,6,30
wdc,73180792,6004888,3,4,21
wdc,10373250,7873500,3,4,22
wdc,3766219,20971734,5,6,23
wdc,97396039,92965053,7,8,53
wdc,1374896,70326774,3,4,31
wdc,80159310,80159309,7,8,23
wdc,52851091,77020269,5,6,21
wdc,44483408,57643285,5,6,53
wdc,97396039,75426867,7,8,53
wdc,19906097,71957793,3,4,64
wdc,24528866,24121431,3,4,17
wdc,7383991,44451236,3,4,14
wdc,10246441,2701835,3,4,19
wdc,74756753,74955932,3,4,17
wdc,15241238,22496256,5,6,10
wdc,9748896,833754,5,6,45
wdc,52851091,26786850,5,6,21
wdc,82474920,24381109,3,4,41
wdc,38696455,75384375,3,4,12
wdc,48625658,24415437,3,4,14
wdc,9951028,78136051,3,4,24
wdc,55002512,75491393,7,8,30
wdc,43411151,95164652,3,4,41
wdc,14965818,60447783,5,6,37
wdc,74525688,77966846,5,6,30
wdc,53737120,53054887,3,4,20
wdc,81403011,38823136,3,4,9
wdc,75491393,56666942,5,6,30
wdc,86391670,41191422,3,4,10
wdc,63000389,80341208,3,4,16
wdc,47988383,98165579,3,4,64
wdc,28282387,219667,3,4,10
wdc,47988383,71957793,3,4,64
wdc,14881645,17007886,5,6,45
wdc,35759560,15159002,5,6,53
wdc,18117051,42480791,3,4,11
wdc,18480165,87367093,3,4,37
wdc,46652889,71957793,3,4,64
wdc,73960273,12051271,3,4,19
wdc,97573369,70702847,3,4,31
wdc,54978736,70877184,5,6,16
wdc,95830648,25301807,5,6,53
wdc,72001534,96612924,3,4,45
wdc,38447746,91698192,3,4,15
wdc,25106018,804681,5,6,16
wdc,38823136,11104171,3,4,9
wdc,87637930,5042118,5,6,43
wdc,64518758,51937161,7,8,43
wdc,87317188,43895439,3,4,43
wdc,15267149,96755227,3,4,11
wdc,92858368,57706537,3,4,41
wdc,75551932,9069903,3,4,24
wdc,77564821,97573369,3,4,31
wdc,24032868,70880617,3,4,45
wdc,12190772,35809370,3,4,16
wdc,35809370,78851357,7,8,16
wdc,61794834,71957793,3,4,64
wdc,15041298,34259452,5,6,22
wdc,19676474,66553855,3,4,12
wdc,42128318,1707364,3,4,37
wdc,96712384,1374896,3,4,31
wdc,70665219,43742368,3,4,8
wdc,72001534,64481350,3,4,45
wdc,11022309,15159002,7,8,53
wdc,74329118,66160476,9,10,22
wdc,34402785,81603750,3,4,22
wdc,1707364,60447783,5,6,37
wdc,47203248,35793904,3,4,8
wdc,18227397,98793471,3,4,30
wdc,789163,27449862,3,4,4
wdc,29462576,839786,3,4,24
wdc,80652568,21426091,3,4,19
wdc,43476859,62492731,3,4,59
wdc,53808701,96502370,3,4,22
wdc,36469366,93836358,3,4,64
wdc,9513553,87367093,3,4,37
wdc,44483408,78512798,3,4,53
wdc,23055402,40481736,7,8,22
wdc,70877184,64743053,5,6,16
wdc,66160476,51810284,7,8,22
wdc,97396039,78863801,5,6,53
wdc,65634280,91662539,3,4,22
wdc,51670299,75355798,3,4,37
wdc,43522170,48742674,3,4,10
wdc,72241593,331318,3,4,53
wdc,98793471,74525688,3,4,30
wdc,88168633,81621854,5,6,19
wdc,44483408,92965053,5,6,53
wdc,19778721,1970598,5,6,64
wdc,46652889,72558082,3,4,64
wdc,79669455,50810315,3,4,22
wdc,86608954,18835729,3,4,11
wdc,77966846,18227397,3,4,30
wdc,9951028,75551932,3,4,24
wdc,75997111,70233715,3,4,64
wdc,95470212,23055402,7,8,22
wdc,67614478,43411151,3,4,41
wdc,87452640,10825358,5,6,59
wdc,45001854,53570958,3,4,16
wdc,96612924,12954856,3,4,45
wdc,15159002,7189900,5,6,53
wdc,87637930,26857322,5,6,43
wdc,77338417,39924028,5,6,64
wdc,30382185,9069903,3,4,24
wdc,92984470,29447766,5,6,11
wdc,7788881,80159310,7,8,23
wdc,55393360,25301807,5,6,53
wdc,88216489,58970863,3,4,23
wdc,74021002,2701835,3,4,19
wdc,66639967,3766219,5,6,23
wdc,82474920,84821763,3,4,41
wdc,54500223,91650188,5,6,14
wdc,18456007,71957793,3,4,64
wdc,82474920,34748897,3,4,41
wdc,58893463,78851350,5,6,16
wdc,12456679,45145764,3,4,17
wdc,14296399,45439666,3,4,15
wdc,81018538,11625823,3,4,12
wdc,85033463,54834355,3,4,16
wdc,66639967,70324505,3,4,23
wdc,92858368,34748897,3,4,41
wdc,55918296,75738906,5,6,20
wdc,80159309,40061039,3,4,23
wdc,1970598,39417365,3,4,64
wdc,80159309,37181469,7,8,23
wdc,24990804,74525688,3,4,30
wdc,61868091,34446457,3,4,19
wdc,42611868,74908666,5,6,20
wdc,80529811,58970863,5,6,23
wdc,83857653,6004888,3,4,21
wdc,7788881,40061039,3,4,23
wdc,18915981,80159310,7,8,23
wdc,13216102,1761309,3,4,19
wdc,66160476,23055402,5,6,22
wdc,77427895,12120697,5,6,37
wdc,7189556,31092129,7,8,13
wdc,72241593,32347478,3,4,53
wdc,66047716,45439666,3,4,15
wdc,75997111,72558082,3,4,64
wdc,91929224,71230660,3,4,19
wdc,16871572,32780854,5,6,23
wdc,47146148,88773659,3,4,19
wdc,15698882,36580730,3,4,41
wdc,18227397,56666942,3,4,30
wdc,50789754,12190772,3,4,16
wdc,24032868,64481350,3,4,45
wdc,2555924,38447746,3,4,15
wdc,15698882,2056076,3,4,41
wdc,41987114,52851091,3,4,21
wdc,1970598,93836358,5,6,64
wdc,71009867,33972604,5,6,15
wdc,81356812,70880617,3,4,45
wdc,59006657,70880617,3,4,45
wdc,98423908,39924028,5,6,64
wdc,66348579,80159310,5,6,23
wdc,57530241,84821763,3,4,41
wdc,55393360,77077400,5,6,53
wdc,84821763,43411151,3,4,41
wdc,95465178,1741624,5,6,20
wdc,61868091,85173141,3,4,19
wdc,80159309,20397693,3,4,23
wdc,8499589,64708117,7,8,21
wdc,44451236,87034156,3,4,14
wdc,15698882,43411151,3,4,41
wdc,32347478,15159002,3,4,53
wdc,27976942,34446457,3,4,19
wdc,77020269,8499589,5,6,21
wdc,19778721,98165579,3,4,64
wdc,15159002,81316249,7,8,53
wdc,15159002,30137226,7,8,53
wdc,9748896,96612924,3,4,45
wdc,96544130,8315719,3,4,17
wdc,89928975,43742368,3,4,8
wdc,64481345,833754,5,6,45
wdc,78817300,77077400,5,6,53
wdc,92858368,43411151,3,4,41
wdc,80652568,81948691,3,4,19
wdc,87317188,64518758,3,4,43
wdc,56666942,53426556,5,6,30
wdc,75355798,42128318,3,4,37
wdc,26060343,91717987,3,4,21
wdc,95222715,43476859,3,4,59
wdc,32347478,78817300,7,8,53
wdc,74638206,34259452,3,4,22
wdc,54885827,4314913,3,4,45
wdc,70880617,12954856,3,4,45
wdc,92858368,84821763,3,4,41
wdc,77819823,62817462,3,4,21
wdc,74638206,23055402,5,6,22
wdc,35951391,5042118,5,6,43
wdc,75261862,34259452,5,6,22
wdc,16934958,72558082,3,4,64
wdc,78817300,44483408,7,8,53
wdc,85033463,39375908,5,6,16
wdc,42480791,96755227,3,4,11
wdc,59006657,1647419,3,4,45
wdc,24032868,1647419,3,4,45
wdc,87281733,12606832,3,4,53
wdc,43974669,52992150,3,4,10
wdc,53928428,49517221,3,4,15
wdc,81657974,24580765,3,4,21
wdc,26830294,66880690,7,8,30
wdc,21469105,79669977,3,4,8
wdc,62404947,57619335,5,6,43
wdc,34402785,12291734,3,4,22
wdc,62404947,47448449,3,4,43
wdc,78817300,4544706,5,6,53
wdc,50129119,85223368,9,10,43
wdc,78851350,21346230,5,6,16
wdc,97396039,81316249,7,8,53
wdc,62898389,50044368,3,4,31
wdc,46652889,70233715,3,4,64
wdc,47448449,38674629,5,6,43
wdc,56379271,74461011,3,4,18
wdc,61791022,98423908,3,4,64
wdc,59006657,64481350,3,4,45
wdc,64481345,24032868,5,6,45
wdc,95222715,346951,5,6,59
wdc,95222715,79961602,3,4,59
wdc,32210028,43106906,5,6,59
wdc,60946583,9951028,3,4,24
wdc,81206857,12954856,3,4,45
wdc,87259085,46652889,5,6,64
wdc,79669455,52804740,3,4,22
wdc,66727021,52446350,5,6,19
wdc,62898389,77564821,3,4,31
wdc,70702847,86849327,3,4,31
wdc,23259789,48521206,3,4,15
wdc,346951,57125875,7,8,59
wdc,16529934,55393360,7,8,53
wdc,70880617,81206857,3,4,45
wdc,96612924,70880617,3,4,45
wdc,96132128,97573369,3,4,31
wdc,47988383,45770332,5,6,64
wdc,63672266,10367463,3,4,19
wdc,4314914,48521206,3,4,15
wdc,70233715,25446597,3,4,64
wdc,80159309,39763751,3,4,23
wdc,39417365,16934958,3,4,64
wdc,74329118,95470212,7,8,22
wdc,81621854,36151198,3,4,19
wdc,81069691,43780660,3,4,9
wdc,48521210,3495669,5,6,15
wdc,61905253,54829738,3,4,14
wdc,62446651,74525688,5,6,30
wdc,38674629,87637930,7,8,43
wdc,47988383,39924028,3,4,64
wdc,12120697,91369139,3,4,37
wdc,77077400,95830648,9,10,53
wdc,82474920,43411151,3,4,41
wdc,60447783,75355798,3,4,37
wdc,34402785,52804740,3,4,22
wdc,50789754,58893463,3,4,16
wdc,30429353,10548789,3,4,17
wdc,66880690,74525688,3,4,30
wdc,81621854,71230660,3,4,19
wdc,70403624,79821099,3,4,6
wdc,60946583,839786,3,4,24
wdc,72241593,13825027,3,4,53
wdc,32154772,7873500,3,4,22
wdc,51241325,48521206,3,4,15
wdc,63672266,12516100,3,4,19
wdc,80159310,27607684,7,8,23
wdc,66625804,29923231,3,4,14
wdc,18227397,74525688,5,6,30
wdc,9748896,64481350,3,4,45
wdc,43547655,12761549,5,6,37
wdc,26674810,14601582,3,4,18
wdc,96612924,64481350,3,4,45
wdc,346951,4352717,5,6,59
wdc,8547400,53737120,5,6,20
wdc,79669455,82515987,3,4,22
wdc,19629560,95164652,3,4,41
wdc,31585097,38447746,3,4,15
wdc,32780854,20971734,5,6,23
wdc,23007161,19676474,5,6,12
wdc,74587896,25301807,5,6,53
wdc,88512168,89940086,3,4,22
wdc,43547655,1707364,3,4,37
wdc,8092475,43132523,5,6,14
wdc,11453264,51937161,7,8,43
wdc,75997111,10080614,3,4,64
wdc,60447783,12761549,5,6,37
wdc,87259085,70233715,3,4,64
wdc,96612924,64481345,3,4,45
wdc,50129119,47448449,7,8,43
wdc,88168633,1761309,3,4,19
wdc,66191134,16956074,3,4,14
wdc,81316249,25301807,5,6,53
wdc,75426867,25301807,7,8,53
wdc,78817300,15159002,5,6,53
wdc,81316249,12606832,5,6,53
wdc,81206857,4314913,3,4,45
wdc,59006657,96612924,3,4,45
wdc,88168633,12051271,3,4,19
wdc,19778721,45770332,3,4,64
wdc,78512798,25301807,7,8,53
wdc,50809231,50044368,3,4,31
wdc,61498847,60447783,5,6,37
wdc,92865515,35884378,3,4,15
wdc,92965053,15159002,5,6,53
wdc,54853495,70877184,3,4,16
wdc,81316249,331318,3,4,53
wdc,78863801,4544706,5,6,53
